"Paper_ID","Row_Type","Efficacy_Source","Year","First_Author","Design","Country","Journal","Title_Short","Sport","Sport_Category","Athlete_Level","N_Total","Age_Mean","Age_SD","Sex_Male_Pct","BT_Classification","Comparator","Arm_Structure","Outcome_Domain","Outcome_Metric","Timepoint","Lower_Is_Better","IG_N","IG_Mean","IG_SD","CG_N","CG_Mean","CG_SD","Dispersion_Note","Complete_For_SMD","N_Allocated_IG","N_Allocated_CG","Dropout_N_IG","Dropout_N_CG","Adherence_Rate_IG","Adherence_Rate_CG","Completion_Note","Feasibility_Source_Quote","Any_AE_Reported","Overall_AE_N","Overall_AE_Total","Serious_AE_N","AE_Description","Safety_Source_Quote","Any_AE_N_IG","Any_AE_Total_IG","Any_AE_N_CG","Any_AE_Total_CG","AE_Type","AE_N_IG","AE_N_CG","Arm_Safety_Source_Quote"
"Durand2000.pdf","metadata_only","none","2000","Durand","Observational","France","Med. Sci. Sports Exerc.","Evidence for an inadequate hyperventilation inducing arterial hypoxemia","Cycling, Triathlon, Running","endurance","elite","22","23.9","1.3","100","hypoventilation","athletes without EIH","observational","","","","","","","","","","","","False","12","10","","","","","","","unclear","","","","","","","","","","","","",""
"Spiering2004.pdf","metadata_only","none","2004","Spiering","Observational","USA","Journal of Asthma","An Evaluation of Standardizing Target Ventilation","Winter sports","winter sports","elite","78","","","32","voluntary hyperventilation","baseline","observational","","","","","","","","","","","","False","78","","","","","","","","unclear","","","","","","","","","","","","",""
"Lindholm2005.pdf","efficacy_outcome","primary","2005","Lindholm","Observational","Sweden","Eur J Appl Physiol","Studies on inspiratory and expiratory glossopharyngeal breathing","Breath-hold diving","freediving","competitive","5","","","","glossopharyngeal breathing","baseline","observational","Physiological","VC","Post-test","FALSE","5","9.7","","5","7.8","","No dispersion reported","False","5","","","","","","","","unclear","","","","","","","","","","","","",""
"Woorons2008.pdf","efficacy_outcome","primary","2008","Woorons","RCT","France","Respir Physiol Neurobiol","Effects of a 4-week training with voluntary hypoventilation","Running","running","competitive","16","27.1","6.0","","hypoventilation","normal breathing","parallel","Physiological","VO2max","Post-test","FALSE","8","43.7","","8","45.8","","SE","False","8","8","","","","","","","unclear","","","","","","","","","","","","",""
"Sakamoto2014.pdf","metadata_only","none","2014","Sakamoto","Crossover","Japan","J Strength Cond Res","Hyperventilation as a strategy for improved repeated sprint performance","Cycling","cycling","competitive","15","","","","hyperventilation","control","crossover","","","","","","","","","","","","False","15","15","","","","","","","unclear","","","","","","","","","","","","",""
"Guimard2014.pdf","metadata_only","none","2014","Guimard","Crossover","France","J Strength Cond Res","Acute apnea swimming: Metabolic responses and performance","Swimming","swimming","competitive","15","21.9","0.9","100","breath holding/apnea","normal breathing","crossover","","","","","","","","","","","","False","15","15","","","","","","","unclear","","","","","","","","","","","","",""
"Malakhov2014.pdf","efficacy_outcome","additional","2014","Malakhov","Crossover","Russia","Asian J Sports Med.","The Influence of Different Modes of Ventilation on Standing Balance of Athletes","Field athletics, team sports","mixed/various sports","competitive","66","19.8","1.0","44","hyperventilation","quiet breath","crossover","performance","S (mm2)","post-exercise","TRUE","38","386.7","245.6","38","76.22","34.15","","True","38","28","","","","","","","unclear","","","","","","","","","","","","",""
"Malakhov2014.pdf","efficacy_outcome","primary","2014","Malakhov","Crossover","Russia","Asian J Sports Med.","The Influence of Different Modes of Ventilation on Standing Balance of Athletes","Field athletics, team sports","mixed/various sports","competitive","66","19.8","1.0","44","hyperventilation","quiet breath","crossover","Performance","Mean velocity of CP displacement (V, mm/s)","Post-exercise","TRUE","38","37.76","29.00","38","7.06","1.68","","True","38","28","","","","","","","unclear","","","","","","","","","","","","",""
"Jacob2015.pdf","metadata_only","none","2015","Jacob","Crossover","","Science & Sports","Pre-exercise hyperventilation can significantly increase performance","Swimming","swimming","competitive","14","","","","voluntary hyperventilation","normal breathing","crossover","","","","","","","","","","","","False","14","14","","","","","","","unclear","","","","","","","","","","","","",""
"Sakamoto2015.pdf","efficacy_outcome","primary","2015","Sakamoto","Crossover","Japan","Eur J Appl Physiol","Hyperventilation-induced respiratory alkalosis falls short of countering fatigue","Resistance training","resistance/strength","competitive","15","21.2","3.7","73","hyperventilation","control","crossover","Performance","Peak Torque 60/s (Nm)","Pre-exercise","FALSE","15","237.1","56.8","15","234.0","58.4","","True","15","15","","","","","","","unclear","","","","","","","","","","","","",""
"Stavrou2015.pdf","efficacy_outcome","additional","2015","Stavrou","RCT","Greece","J Hum Kinet","Yogic breathing practices improve lung functions of competitive young swimmers","Fin-swimming","swimming","competitive","28","","","50","intermittent breath holding","self-selected breathing frequency","parallel","physiological","FVC","post-training","FALSE","14","4.3","0.7","14","2.9","0.5","","True","14","14","0","0","","","","","unclear","","","","","","","","","","","","",""
"Stavrou2015.pdf","efficacy_outcome","primary","2015","Stavrou","RCT","Greece","J Hum Kinet","Yogic breathing practices improve lung functions of competitive young swimmers","Fin-swimming","swimming","competitive","28","","","50","intermittent breath holding","self-selected breathing frequency","parallel","Physiological","FEV1","Post-training (16 weeks)","FALSE","14","4.1","0.8","14","3.8","0.8","SD assumed","True","14","14","0","0","","","","","unclear","","","","","","","","","","","","",""
"Fujii2015.pdf","metadata_only","none","2015","Fujii","Crossover","Japan","Eur J Appl Physiol","Effect of voluntary hypocapnic hyperventilation on the metabolic response","Cycling","cycling","unclear","11","","","","voluntary hyperventilation","control","crossover","","","","","","","","","","","","False","11","11","","","","","","","unclear","","","","","","","","","","","","",""
"Woorons2016.pdf","metadata_only","none","2016","Woorons","RCT","France","Med Sci Sports Exerc","Hypoventilation Training at Supramaximal Intensity Improves Swimming Performance","Swimming","swimming","competitive","16","","","75","hypoventilation (VHL)","normal breathing (CONT)","parallel","","","","","","","","","","","","False","8","8","0","1","","","One dropout in CONT due to inability to breathe through snorkel.","","unclear","","","","","","","","","","","","",""
"Hakked2017.pdf","efficacy_outcome","primary","2017","Hakked","RCT","India","J Ayurveda Integr Med","Yogic breathing practices improve lung functions of competitive young swimmers","Swimming","swimming","competitive","30","","","","pranayama/yogic breathing","usual training","parallel","Physiological","Maximum Voluntary Ventilation (MVV)","Post (30 days)","FALSE","14","3.54","0.88","13","3.08","0.86","","True","15","15","1","2","100","100","","","unclear","","","","","","","","","","","","",""
"Kacoglu2017.pdf","efficacy_outcome","primary","2017","Kacoglu","Crossover","Turkey","Eur J Hum Mov","The Acute Effects of Hyperventilation on Jumping and Sprinting Performance","Jumping and sprinting","running","healthy active","14","","","","hyperventilation","normal ventilation","crossover","Performance","10-m sprint time (s)","Post-exercise","TRUE","14","1.94","0.11","14","1.92","0.11","","True","14","14","","","","","","","unclear","","","","","","","","","","","","",""
"Pelka2017.pdf","metadata_only","none","2017","Pelka","Crossover","Germany","J Sports Sci","Acute effects of psychological relaxation techniques","Sprinting","running","competitive","27","25.22","1.08","70","slow-paced breathing","control","crossover","","","","","","","","","","","","False","30","30","","","","","3 dropouts occurred during habituation.","Dropouts occurred during habituation (3 out of 30). 27 analysed.","unclear","","","","","","","","","","","","",""
"Trincat2017.pdf","efficacy_outcome","primary","2017","Trincat","RCT","Switzerland","Int J Sports Physiol Perform","Repeated Sprint Training in Hypoxia Induced by Voluntary Hypoventilation in Swimming","Swimming","swimming","competitive","16","15.55","1.8","56","hypoventilation","normal breathing","parallel","Physiological","Time at SpO2 <= 88% (s)","During test","TRUE","8","34","0.7","8","0","0","","True","8","8","","","","","","","unclear","","","","","","","","","","","","",""
"Burtch2017.pdf","efficacy_outcome","additional","2017","Burtch","RCT","USA","J Strength Cond Res","Evidence of global respiratory muscle fatigue from a 2-minute swim race","Swimming","swimming","competitive","25","","","","controlled frequency breathing (CFB)","stroke matched control","parallel","physiological","VO2max","post-training","FALSE","13","53","5","12","53","6","","True","13","12","","","","","5 total dropouts.","because of travel, illness, and failure to comply with required number of training sessions, only 20 subjects completed the final testing session.","yes","","25","","illness","because of travel, illness, and failure to comply with required number of training sessions, only 20 subjects completed","","","","","","","",""
"Burtch2017.pdf","efficacy_outcome","primary","2017","Burtch","RCT","USA","J Strength Cond Res","Evidence of global respiratory muscle fatigue from a 2-minute swim race","Swimming","swimming","competitive","25","","","","controlled frequency breathing (CFB)","stroke matched control","parallel","Performance","200-yard time trial (s)","Post-training","TRUE","13","114","7","12","115","7","","True","13","12","","","","","5 total dropouts.","because of travel, illness, and failure to comply with required number of training sessions, only 20 subjects completed the final testing session.","yes","","25","","illness","because of travel, illness, and failure to comply with required number of training sessions, only 20 subjects completed","","","","","","","",""
"Woorons2017.pdf","efficacy_outcome","additional","2017","Woorons","Crossover","France","Eur J Appl Physiol","Acute effects of repeated cycling sprints in hypoxia induced by voluntary hypoventilation","Cycling","cycling","competitive","9","27.2","9.3","89","hypoventilation (RSH-VHL)","normal breathing (RSN)","crossover","physiological","Breathing frequency","during exercise","FALSE","9","44.5","5.8","9","58.4","17.0","","True","9","9","","","","","","","unclear","","","","","","","","","","","","",""
"Woorons2017.pdf","efficacy_outcome","primary","2017","Woorons","Crossover","France","Eur J Appl Physiol","Acute effects of repeated cycling sprints in hypoxia induced by voluntary hypoventilation","Cycling","cycling","competitive","9","27.2","9.3","89","hypoventilation (RSH-VHL)","normal breathing (RSN)","crossover","Physiological","Tidal Volume (Vt) S1 (L)","During exercise","FALSE","9","2.50","0.5","9","2.34","0.7","","True","9","9","","","","","","","unclear","","","","","","","","","","","","",""
"FornasierSantos2018.pdf","efficacy_outcome","additional","2018","Fornasier-Santos","RCT","France","Eur J Sport Sci","Repeated-sprint training in hypoxia induced by voluntary hypoventilation","Rugby","team sports","competitive","35","","","100","hypoventilation (VHL)","normal breathing (RSN)","parallel","performance","RV","post-training","FALSE","11","7.07","0.3","10","7.13","0.37","","True","","","","","","","14 subjects did not complete.","14 subjects did not complete","yes","","35","","Injuries during matches, illness","Injuries during matches, illness","","","","","","","",""
"Gray2018.pdf","efficacy_outcome","additional","2018","Gray","Crossover","","J Swimming Research","Effects of deep-breathing protocols on swimming performance","Swimming","swimming","competitive","7","","","0","slow-paced breathing (30s)","no deep breathing","crossover","physiological","Blood lactate","post-exercise","TRUE","7","3.8","1.06","7","2.9","1.58","","True","7","7","","","","","","","unclear","","","","","","","","","","","","",""
"Gray2018.pdf","efficacy_outcome","primary","2018","Gray","Crossover","","J Swimming Research","Effects of deep-breathing protocols on swimming performance","Swimming","swimming","competitive","7","","","0","slow-paced breathing (30s)","no deep breathing","crossover","Performance","50-yard freestyle time (s)","Post-exercise","TRUE","7","1.77","0.10","7","1.75","0.12","","True","7","7","","","","","","","unclear","","","","","","","","","","","","",""
"Lim2018.pdf","efficacy_outcome","additional","2018","Lim","Crossover","Canada","Eur J Appl Physiol","Physiological resolution of periodic breath holding during heavy-intensity Fartlek exercise","Cycling","cycling","recreational","10","24","3","100","breath holding (CONT-BH)","free-breathing (CONT)","crossover","physiological","VCO2p","post-exercise","FALSE","10","2.29","0.64","10","2.30","0.55","","True","10","10","","","","","","","unclear","","","","","","","","","","","","",""
"Lim2018.pdf","efficacy_outcome","primary","2018","Lim","Crossover","Canada","Eur J Appl Physiol","Physiological resolution of periodic breath holding during heavy-intensity Fartlek exercise","Cycling","cycling","recreational","10","24","3","100","breath holding (CONT-BH)","free-breathing (CONT)","crossover","Physiological","VO2p (L/min)","Post-exercise","FALSE","10","2.15","0.42","10","2.11","0.38","","True","10","10","","","","","","","unclear","","","","","","","","","","","","",""
"Sakamoto2018.pdf","efficacy_outcome","additional","2018","Sakamoto","Crossover","Japan","J Strength Cond Res","Effects of hyperventilation on repeated pedaling sprint performance","Cycling","cycling","competitive","17","","","88","hyperventilation short (HVshort)","control","crossover","physiological","VE","during exercise","FALSE","15","153.1","27.0","15","73.6","16.6","","True","17","17","","","","","2 dropouts due to transducer error.","2 subjects were excluded from the data set because of a transducer error.","unclear","","","","","","","","","","","","",""
"Sakamoto2018.pdf","efficacy_outcome","primary","2018","Sakamoto","Crossover","Japan","J Strength Cond Res","Effects of hyperventilation on repeated pedaling sprint performance","Cycling","cycling","competitive","17","","","88","hyperventilation short (HVshort)","control","crossover","Physiological","VO2 (ml/min) SP1","During exercise","FALSE","15","1767.5","214.6","15","1692.0","218.8","","True","17","17","","","","","2 dropouts due to transducer error.","2 subjects were excluded from the data set because of a transducer error.","unclear","","","","","","","","","","","","",""
"Fernandez2019.pdf","metadata_only","none","2019","Fernandez","Observational","Spain","Front Physiol","SaO2 Recovery in Freedivers","Freediving","freediving","competitive","25","","","100","breath holding","fast recovery","observational","","","","","","","","","","","","False","25","","","","","","","","unclear","","","","","","","","","","","","",""
"Laborde2019.pdf","efficacy_outcome","additional","2019","Laborde","Crossover","Germany","Front Psychol","Influence of slow-paced breathing on inhibition after physical exertion","Burpees","non-sport exercise/performance","healthy active","120","25.57","2.52","58","slow-paced breathing","watching TV documentary","crossover","cognitive","Stroop errors","post-intervention","TRUE","60","0.50","0.70","60","0.81","0.86","","True","60","60","","","","","ECG data lost for 13 participants in Exp 2.","Due to technical problems, the ECG data of the last 13 participants of Experiment 2 were lost","unclear","","","","","","","","","","","","",""
"Laborde2019.pdf","efficacy_outcome","primary","2019","Laborde","Crossover","Germany","Front Psychol","Influence of slow-paced breathing on inhibition after physical exertion","Burpees","non-sport exercise/performance","healthy active","120","25.57","2.52","58","slow-paced breathing","watching TV documentary","crossover","Performance","Number of Burpees","Post-intervention","FALSE","60","64.27","11.54","60","63.00","11.64","","True","60","60","","","","","ECG data lost for 13 participants in Exp 2.","Due to technical problems, the ECG data of the last 13 participants of Experiment 2 were lost","unclear","","","","","","","","","","","","",""
"Woorons2019.pdf","efficacy_outcome","additional","2019","Woorons","Crossover","France","Int J Sports Med","Cerebral and Muscle Oxygenation during Repeated Shuttle Run Sprints with Hypoventilation","Shuttle run sprints","running","competitive","10","","","","hypoventilation","normal breathing","crossover","physiological","PETO2","during exercise","FALSE","10","109.9","3.6","10","114.6","3.6","","True","10","10","","","","","","","unclear","","","","","","","","","","","","",""
"Woorons2019.pdf","efficacy_outcome","primary","2019","Woorons","Crossover","France","Int J Sports Med","Cerebral and Muscle Oxygenation during Repeated Shuttle Run Sprints with Hypoventilation","Shuttle run sprints","running","competitive","10","","","","hypoventilation","normal breathing","crossover","Physiological","SpO2","Post-test","FALSE","10","109.9","3.6","10","114.6","3.6","","True","10","10","","","","","","","unclear","","","","","","","","","","","","",""
"Woorons2019b.pdf","efficacy_outcome","additional","2019","Woorons","RCT","France","Eur J Appl Physiol","Physiological adaptations to repeated sprint training in hypoxia","Cycling","cycling","competitive","18","34.6","11","100","hypoventilation (RSH-VHL)","normal breathing (RSN)","parallel","performance","RSA Sdec","post-training","FALSE","9","-8.2","7","9","-12.0","9","","True","9","9","","","","","","","unclear","","","","","","","","","","","","",""
"Woorons2019b.pdf","efficacy_outcome","primary","2019","Woorons","RCT","France","Eur J Appl Physiol","Physiological adaptations to repeated sprint training in hypoxia","Cycling","cycling","competitive","18","34.6","11","100","hypoventilation (RSH-VHL)","normal breathing (RSN)","parallel","Performance","RSA mean MPO (W)","Post-training (3 weeks)","FALSE","9","911","117","9","852","69","","True","9","9","","","","","","","unclear","","","","","","","","","","","","",""
"Bouten2020.pdf","metadata_only","none","2020","Bouten","Crossover","Belgium","Med Sci Sports Exerc","Acute Apnea Does Not Improve 3-km Cycling Time Trial Performance","Cycling","cycling","competitive","11","22.1","1.5","","breath holding/apnea","placebo/control","crossover","","","","","","","","","","","","False","11","11","","","","","","","unclear","","","","","","","","","","","","",""
"Lapointe2020.pdf","efficacy_outcome","additional","2020","Lapointe","RCT","Canada","Front Sports Act Living","Impact of repeated-sprint training with voluntary hypoventilation on repeated-sprint ability","Basketball","team sports","competitive","17","22.3","1.2","71","hypoventilation (VHL)","normal breathing (CTL)","parallel","performance","VIFT","post-training","FALSE","7","18.78","1.68","6","18.63","1.75","","True","9","8","2","2","","","","","yes","1","17","","unrelated injury","1 due to unrelated injury","","","","","","","",""
"Lapointe2020.pdf","efficacy_outcome","primary","2020","Lapointe","RCT","Canada","Front Sports Act Living","Impact of repeated-sprint training with voluntary hypoventilation on repeated-sprint ability","Basketball","team sports","competitive","17","22.3","1.2","71","hypoventilation (VHL)","normal breathing (CTL)","parallel","Performance","RSASdec (%)","Post-training (4 weeks)","TRUE","7","5.49","2.70","6","6.46","2.50","","True","9","8","2","2","","","","","yes","1","17","","unrelated injury","1 due to unrelated injury","","","","","","","",""
"Robertson2020.pdf","efficacy_outcome","additional","2020","Robertson","Crossover","UK","J Strength Cond Res","Effects of pre-race apneas on 400-m freestyle swimming performance","Swimming","swimming","competitive","9","19","1.5","67","pre-race apneas (WUAP)","control (CON)","crossover","physiological","Blood lactate","post-time-trial","TRUE","10","9.52","2.12","10","9.84","3.67","","True","10","10","","","","","","","unclear","","","","","","","","","","","","",""
"Robertson2020.pdf","efficacy_outcome","primary","2020","Robertson","Crossover","UK","J Strength Cond Res","Effects of pre-race apneas on 400-m freestyle swimming performance","Swimming","swimming","competitive","9","19","1.5","67","pre-race apneas (WUAP)","control (CON)","crossover","Performance","400-m freestyle time (s)","Post-exercise","TRUE","10","275.79","12.88","10","278.66","13.31","","True","10","10","","","","","","","unclear","","","","","","","","","","","","",""
"Sakamoto2020.pdf","metadata_only","none","2020","Sakamoto","Crossover","Japan","J Strength Cond Res","Hyperventilation-aided recovery for extra repetitions on bench press and leg press","Bench press, leg press","resistance/strength","competitive","11","22.5","4.3","100","hyperventilation","spontaneous breathing","crossover","","","","","","","","","","","","False","11","11","","","","","","","no","0","11","0","","No subjects reported discomfort sensations related to HV (dizziness, paresthesia, or discomfort in the chest) during the experiment.","0","11","0","11","","0","0","No subjects reported discomfort sensations related to HV (dizziness, paresthesia, or discomfort in the chest) during the experiment."
"Woorons2020.pdf","metadata_only","none","2020","Woorons","RCT","France","Int J Sports Physiol Perform","Transferable benefits of cycle hypoventilation training","Team sports","team sports","competitive","16","","","","hypoventilation","normal breathing","parallel","","","","","","","","","","","","False","","","","","","","","","unclear","","","","","","","","","","","","",""
"Bahensky2021.pdf","efficacy_outcome","additional","2021","Bahensky","RCT","Czech Republic","J. Clin. Med.","Impact of a Breathing Intervention on Engagement","Unclear","non-sport exercise/performance","unclear","46","","","","yoga-based breathing","normal training","parallel","physiological","Subclavian pressure","post-training","FALSE","22","2.83","0.88","23","2.98","1.35","","True","23","23","1","0","","","","One participant did not complete the intervention for medical reasons unrelated to the intervention and was excluded","yes","1","46","","medical reasons","One participant did not complete the intervention for medical reasons unrelated to the intervention","","","","","","","",""
"Bahensky2021.pdf","efficacy_outcome","primary","2021","Bahensky","RCT","Czech Republic","J. Clin. Med.","Impact of a Breathing Intervention on Engagement","Unclear","non-sport exercise/performance","unclear","46","","","","yoga-based breathing","normal training","parallel","Physiological","Abdominal pressure at 3W/kg","Post (8 weeks)","FALSE","22","2.83","0.88","23","1.42","0.52","","True","23","23","1","0","","","","One participant did not complete the intervention for medical reasons unrelated to the intervention and was excluded","yes","1","46","","medical reasons","One participant did not complete the intervention for medical reasons unrelated to the intervention","","","","","","","",""
"Citherlet2021.pdf","efficacy_outcome","additional","2021","Citherlet","Crossover","Switzerland","Frontiers in Sports and Active Living","Wim Hof breathing method","Repeated sprinting","running","competitive","16","","","","Wim Hof breathing method","spontaneous breathing","crossover","physiological","SpO2","acute pre-exercise","FALSE","15","99","0","15","97","1","","True","16","16","","","","","1 dropout due to injury.","1 participant was excluded because of a muscular injury","yes","1","16","","muscular injury","1 participant was excluded because of a muscular injury (in the lower limb during the first sprint)","","","","","","","",""
"Dobashi2021.pdf","metadata_only","none","2021","Dobashi","Crossover","Japan","Eur J Sport Sci","Voluntary hypocapnic hyperventilation lasting 5 min and 20 min similarly reduce aerobic metabolism","Cycling","cycling","mixed","11","24","2","91","voluntary hyperventilation","control","crossover","","","","","","","","","","","","False","11","11","","","","","","","unclear","","","","","","","","","","","","",""
"Grossman2021.pdf","efficacy_outcome","additional","2021","Grossman","Crossover","Canada","Front Physiol","Breath holding during heavy-intensity Fartlek exercise","Cycling","cycling","healthy active","10","23.7","2.5","100","breath holding (CONLD-BH)","free-breathing (CONLD)","crossover","physiological","VCO2","post-exercise","FALSE","10","2.43","0.70","10","2.55","0.65","","True","10","10","","","","","","","unclear","","","","","","","","","","","","",""
"Grossman2021.pdf","efficacy_outcome","primary","2021","Grossman","Crossover","Canada","Front Physiol","Breath holding during heavy-intensity Fartlek exercise","Cycling","cycling","healthy active","10","23.7","2.5","100","breath holding (CONLD-BH)","free-breathing (CONLD)","crossover","Physiological","VO2 (L/min)","Post-exercise","FALSE","10","2.20","0.45","10","2.24","0.40","","True","10","10","","","","","","","unclear","","","","","","","","","","","","",""
"Taylor2021.pdf","efficacy_outcome","additional","2021","Buchanan","Crossover","USA","Human Movement Science","Fast breathing facilitates reaction time and movement time of a memory-guided force pulse","Memory-guided force pulse","non-sport exercise/performance","healthy active","47","21.3","2.8","36","fast-paced breathing","slow-paced breathing","crossover","performance","NMT","during task","TRUE","47","281.83","226.50","47","303.28","225.36","","True","47","47","","","","","","","unclear","","","","","","","","","","","","",""
"Taylor2021.pdf","efficacy_outcome","primary","2021","Buchanan","Crossover","USA","Human Movement Science","Fast breathing facilitates reaction time and movement time of a memory-guided force pulse","Memory-guided force pulse","non-sport exercise/performance","healthy active","47","21.3","2.8","36","fast-paced breathing","slow-paced breathing","crossover","Performance","Reaction Time (RT) (ms)","During task","TRUE","47","694.10","266.68","47","783.61","339.63","","True","47","47","","","","","","","unclear","","","","","","","","","","","","",""
"Vaidya2021.pdf","metadata_only","none","2021","Vaidya","RCT","India","Int J Yoga Therapy","Effect of Yoga on Performance and Physical Fitness in Cricket Bowlers","Cricket","team sports","competitive","30","","","","yoga-based breathing","control","parallel","","","","","","","","","","","","False","","","","","","","","","unclear","","","","","","","","","","","","",""
"Brocherie2022.pdf","metadata_only","none","2022","Brocherie","RCT","France","Int J Sports Sci Coach","Effects of a 5-week off-ice repeated-sprint training with voluntary hypoventilation","Ice hockey","team sports","elite","43","16.7","1.5","100","hypoventilation (VHL)","normal breathing (RSN)","parallel","","","","","","","","","","","","False","43","","","","","","","8 dropouts total.","yes","3","43","","injuries","Eight out of the 43 subjects were unable to complete the protocol due to injuries (n=3)","","","","","","","",""
"Conlon2022.pdf","efficacy_outcome","additional","2022","Conlon","RCT","UK","","The effects of breathing techniques on pressurized performance and stress-responses","Shooting","mixed/various sports","competitive","67","","","","slow diaphragmatic breathing","paced breathing (12 cpm)","parallel","physiological","RMSSD","post-intervention","FALSE","22","67.55","42.19","21","61.29","28.05","","True","23","44","1","2","","","","","unclear","","","","","","","","","","","","",""
"Conlon2022.pdf","efficacy_outcome","primary","2022","Conlon","RCT","UK","","The effects of breathing techniques on pressurized performance and stress-responses","Shooting","mixed/various sports","competitive","67","","","","slow diaphragmatic breathing","paced breathing (12 cpm)","parallel","Performance","Shooting Accuracy","Post-intervention (Pressure test)","FALSE","23","32.30","20.27","23","35.91","16.21","","True","23","44","1","2","","","","","unclear","","","","","","","","","","","","",""
"Marko2022.pdf","efficacy_outcome","additional","2022","Marko","Before-after","Czech Republic","J. Clin. Med.","Does Wim Hof Method Improve Breathing Economy during Exercise?","Cycling","cycling","healthy active","23","","","","Wim Hof Method","baseline","crossover","physiological","VT","post-test","FALSE","11","1.67","0.25","11","1.66","0.27","","True","23","","","","","","","","unclear","","","","","","","","","","","","",""
"Marko2022.pdf","efficacy_outcome","primary","2022","Marko","Before-after","Czech Republic","J. Clin. Med.","Does Wim Hof Method Improve Breathing Economy during Exercise?","Cycling","cycling","healthy active","23","","","","Wim Hof Method","baseline","crossover","Physiological","VE","Post-test","FALSE","11","70.68","22.52","11","65.01","22.16","","True","23","","","","","","","","unclear","","","","","","","","","","","","",""
"You2023.pdf","efficacy_outcome","additional","2023","You","Crossover","France","Applied Psychophysiology and Biofeedback","Single slow-paced Breathing Session at six cycles per minute","Unclear","non-sport exercise/performance","healthy active","78","22.32","2.11","71","slow-paced breathing (6 cpm)","usual breathing","crossover","physiological","SDNN","post-intervention","FALSE","75","141.37","45.35","75","98.23","40.70","","True","78","78","","","","","3 dropouts total.","","unclear","","","","","","","","","","","","",""
"You2023.pdf","efficacy_outcome","primary","2023","You","Crossover","France","Applied Psychophysiology and Biofeedback","Single slow-paced Breathing Session at six cycles per minute","Unclear","non-sport exercise/performance","healthy active","78","22.32","2.11","71","slow-paced breathing (6 cpm)","usual breathing","crossover","Physiological","RMSSD (ms)","Post-intervention","FALSE","75","97.62","43.81","75","62.84","35.96","","True","78","78","","","","","3 dropouts total.","","unclear","","","","","","","","","","","","",""
"Braham2024.pdf","metadata_only","none","2024","Braham","RCT","France","Int J Sports Physiol Perform","Effects of a 6-Week Repeated-Sprint Training With Voluntary Hypoventilation","Soccer","team sports","competitive","16","","","0","hypoventilation (VHL)","normal breathing (RSN)","parallel","","","","","","","","","","","","False","","","","","","","","","unclear","","","","","","","","","","","","",""
"Buxton2024.pdf","metadata_only","none","2024","Buxton","Crossover","USA","J Hum Kinet","The Effects of Slow Breathing during Inter-Set Recovery on Power Performance in the Barbell Back Squat","Back squat","resistance/strength","recreational","18","20.7","1.4","100","slow-paced breathing (4-7-8 method)","control","crossover","","","","","","","","","","","","False","18","18","","","","","","","unclear","","","","","","","","","","","","",""
"Li2024.pdf","efficacy_outcome","additional","2024","Li","Crossover","China","Healthcare","The Impact of Starting Positions and Breathing Rhythms on Cardiopulmonary Stress","Burpees","non-sport exercise/performance","healthy active","30","19.6","1.2","82","regulated breathing (Rhythm+Stand)","free breathing (Free+Stand)","crossover","physiological","Average POCR","post-exercise","FALSE","22","14.3","1.28","22","11.0","0.93","","True","30","30","","","","","8 dropouts total.","Participants Exclusion (n=3) Have musculoskeletal injury... Lost Follow up (n=5)","yes","1","30","","respiratory-related illnesses","Lost Follow up (n=5)... Get respiratory-related illnesses: n=1","","","","","","","",""
"Li2024.pdf","efficacy_outcome","primary","2024","Li","Crossover","China","Healthcare","The Impact of Starting Positions and Breathing Rhythms on Cardiopulmonary Stress","Burpees","non-sport exercise/performance","healthy active","30","19.6","1.2","82","regulated breathing (Rhythm+Stand)","free breathing (Free+Stand)","crossover","Physiological","Average Heart Rate (bpm)","During exercise","TRUE","22","94.9","3.80","22","84.4","4.82","","True","30","30","","","","","8 dropouts total.","Participants Exclusion (n=3) Have musculoskeletal injury... Lost Follow up (n=5)","yes","1","30","","respiratory-related illnesses","Lost Follow up (n=5)... Get respiratory-related illnesses: n=1","","","","","","","",""
"Merlin2024.pdf","efficacy_outcome","additional","2024","Merlin","RCT","France","J Funct Morphol Kinesiol","Psychophysiological Effects of Slow-Paced Breathing on Adolescent Swimmers","Swimming","swimming","elite","13","13.9","0.38","38","slow-paced breathing","control","parallel","psychological","Total recovery","post-intervention","FALSE","7","4.96","1.12","6","5.14","1.06","","True","7","6","","","","","","","unclear","","","","","","","","","","","","",""
"Rosa2024.pdf","metadata_only","none","2024","Rosa","Crossover","Portugal","","VHL during arm cycle ergometer","Arm cycle ergometer","non-sport exercise/performance","unclear","14","","","","hypoventilation (RS-VHL)","normal breathing (RSN)","crossover","","","","","","","","","","","","False","14","14","","","","","","","unclear","","","","","","","","","","","","",""
"Sikora2024.pdf","efficacy_outcome","additional","2024","Sikora","Observational","Poland","Sci Rep","Differences between diaphragmatic and abdominal breathing patterns in spirometric","Unclear","mixed/various sports","competitive","69","","","","diaphragmatic breathing","thoracic breathing","observational","physiological","FEV1","baseline","FALSE","38","5.13","1.01","22","4.14","0.88","","True","38","22","","","","","","","unclear","","","","","","","","","","","","",""
"Sikora2024.pdf","efficacy_outcome","primary","2024","Sikora","Observational","Poland","Sci Rep","Differences between diaphragmatic and abdominal breathing patterns in spirometric","Unclear","mixed/various sports","competitive","69","","","","diaphragmatic breathing","thoracic breathing","observational","Physiological","Vital Capacity (VC) (L)","Baseline","FALSE","38","5.495","1.13","22","4.05","0.95","","True","38","22","","","","","","","unclear","","","","","","","","","","","","",""
"Woorons2024.pdf","efficacy_outcome","additional","2024","Woorons","RCT","France","Front Physiol","Hypoventilation training including maximal end-expiratory breath holding improves","Judo","combat sports","elite","20","20.6","2.5","50","hypoventilation (RSH-VHL)","normal breathing (RSN)","parallel","performance","Sdec","post-training","TRUE","9","20.4","6.5","8","24.4","4.2","","True","10","10","1","2","","","","","unclear","","","","","","","","","","","","",""
"Woorons2024.pdf","efficacy_outcome","primary","2024","Woorons","RCT","France","Front Physiol","Hypoventilation training including maximal end-expiratory breath holding improves","Judo","combat sports","elite","20","20.6","2.5","50","hypoventilation (RSH-VHL)","normal breathing (RSN)","parallel","Performance","MPOmean(5-8) (W)","Post-training 1","FALSE","9","266","67","8","246","64","","True","10","10","1","2","","","","","unclear","","","","","","","","","","","","",""
"Deniz2025.pdf","efficacy_outcome","additional","2025","Deniz","Crossover","Turkey","BMC Sports Science, Medicine and Rehabilitation","The effect of breathing strategy on lifted load during the bench press","Bench press","resistance/strength","recreational","12","27.92","7.38","100","exhalation","inhalation","crossover","physiological","Post-exercise SBP","post-exercise","TRUE","12","125.00","9.40","12","128.50","8.88","","True","12","12","","","","","","","unclear","","","","","","","","","","","","",""
"Deniz2025.pdf","efficacy_outcome","primary","2025","Deniz","Crossover","Turkey","BMC Sports Science, Medicine and Rehabilitation","The effect of breathing strategy on lifted load during the bench press","Bench press","resistance/strength","recreational","12","27.92","7.38","100","exhalation","inhalation","crossover","Performance","Total Volume Lifted (kg)","Post-exercise","FALSE","12","2410.42","395.06","12","2132.71","555.08","","True","12","12","","","","","","","unclear","","","","","","","","","","","","",""
"Fernandez2025.pdf","efficacy_outcome","primary","2025","DeAs?s-Fern?ndez","Crossover","Spain","Sports","Effects of Hook Maneuver on Oxygen Saturation Recovery After -40 m Apnea Dive","Freediving","freediving","competitive","13","42","9","","hook breathing","usual breathing","crossover","Physiological","SpO2 at 30s (%)","30s Post-apnea","FALSE","13","92","9","13","87","7.9","","True","13","13","","","","","","","yes","5","14","1","pulmonary edema","One participant was eliminated... he had developed severe pulmonary edema... Four participants showed signs of mild pulmonary edema","4","13","4","13","mild pulmonary edema","4","4","Four participants showed signs of mild pulmonary edema, after diving, coinciding in both protocols"
"Fesseler2025.pdf","efficacy_outcome","primary","2025","Fesseler","Crossover","Germany","Experimental Physiology","The effect of pre-exercise hyperventilation on repeated high-intensity inclined sprint performance","Sprint intervals","running","recreational","36","24.0","1.8","50","pre-exercise hyperventilation","spontaneous breathing","crossover","Performance","Cumulative elevation gain (Sprint 1)","Post-sprint","FALSE","36","-12.89","2.78","36","-12.27","2.44","","True","36","36","","","","","","","unclear","","","","","","","","","","","","",""
"Fox2025.pdf","metadata_only","none","2025","Fox","RCT","Australia","Sci Rep","Wim Hof Method","General","non-sport exercise/performance","healthy active","404","37","9.95","44","Wim Hof Method","Meditation control","parallel","","","","","","","","","","","","False","273","131","","","","","Total attrition 152. Daily intervention compliance 64.71%.","A total of 556 participants enrolled in the study, with a final sample size of 404 participants","yes","1","556","","medical condition","Attrition was due to a medical condition (1), travel, and conflicting time commitments.","","","","","","","",""
"Kasap2025.pdf","efficacy_outcome","primary","2025","Kasap","Crossover","Turkey","PLoS One","Box breathing or six breaths per minute: Which strategy improves athletes post-HIIT cardiovascular recovery?","Cycle ergometer","cycling","healthy active","40","20.95","1.75","63","box breathing","6 bpm breathing","crossover","Physiological","Final Heart Rate (bpm)","Post-exercise","TRUE","40","164.65","9.40","40","159.05","10.38","","True","40","40","","","","","","","unclear","","","","","","","","","","","","",""
"Liapaki2025.pdf","metadata_only","none","2025","Liapaki","Crossover","Greece","J Hum Kinet","Apnea or normal breathing on physiological responses during HIIT","Running","running","competitive","15","24.7","3.1","","breath holding/apnea","normal breathing","crossover","","","","","","","","","","","","False","15","15","","","","","","","unclear","","","","","","","","","","","","",""
"Lorinczi2025.pdf","metadata_only","none","2025","Lorinczi","RCT","Slovakia","Int J Sports Physiol Perform","Additional Benefits of Repeated-Sprint Training With Prolonged End-Expiratory Breath Holding","Soccer","team sports","competitive","20","","","","breath holding/apnea (EEBH)","normal breathing","parallel","","","","","","","","","","","","False","","","","","","","","","unclear","","","","","","","","","","","","",""
"Yilmaz2025.pdf","metadata_only","none","2025","Yilmaz","Other experimental","Turkey","Sci Rep","Evaluating bioenergetic pathway contributions","Wingate","cycling","healthy active","12","","","","voluntary hyperventilation","control","parallel","","","","","","","","","","","","False","12","12","","","","","","","unclear","","","","","","","","","","","","",""
"Chiron2026.pdf","efficacy_outcome","additional","2026","Chiron","RCT","France","J Strength Cond Res","Exploring the influence of coherent breathing on psychophysiological stress","Running","running","elite","22","22.3","3.0","68","slow-paced breathing (RELAX)","control (CONT)","parallel","physiological","Heart Rate","post-test","TRUE","11","55.97","8.32","11","55.75","6.11","","True","11","11","","","","","","","unclear","","","","","","","","","","","","",""
"Chiron2026.pdf","efficacy_outcome","primary","2026","Chiron","RCT","France","J Strength Cond Res","Exploring the influence of coherent breathing on psychophysiological stress","Running","running","elite","22","22.3","3.0","68","slow-paced breathing (RELAX)","control (CONT)","parallel","Physiological","RMSSD (ms)","Post-test","FALSE","11","72.95","35.22","11","89.37","4.61","","True","11","11","","","","","","","unclear","","","","","","","","","","","","",""
"Devipriya2026.pdf","efficacy_outcome","primary","2026","Devipriya","Before-after","India","Cureus","Evaluation of Immediate Changes in Reaction Time Following Bhramari Pranayama","Unclear","non-sport exercise/performance","healthy active","60","21.35","1.78","50","Bhramari Pranayama","within-subject baseline","crossover","Performance","Visual Reaction Time (VRT) Right Hand (ms)","Post-session","TRUE","60","201.35","","60","223.67","","No dispersion reported","False","60","60","","","","","","","unclear","","","","","","","","","","","","",""
"FernandezBarradas2026.pdf","efficacy_outcome","primary","2026","Fern?ndez-Barradas","Before-after","Mexico","Front. Sports Act. Living","Slow paced breathing and power posing: a pre-competitive ritual","American football","team sports","competitive","34","16.97","0.80","","slow-paced breathing","baseline","crossover","Psychological","Cognitive anxiety","Post-test","TRUE","34","16","","34","52.27","","No dispersion reported","False","34","","","","","","","","unclear","","","","","","","","","","","","",""
"Iskra2026.pdf","efficacy_outcome","additional","2026","Iskra","Crossover","Germany","Psychophysiology","Fast-paced breathing","Unclear","non-sport exercise/performance","healthy active","58","","","","slow-paced breathing (6 CPM)","paced breathing (15 CPM)","crossover","physiological","PEP","during intervention","FALSE","38","114.46","11.16","38","116.17","11.75","","True","58","58","","","","","20 dropouts/exclusions total.","Three participants were excluded from the main analysis due to technical issues... An additional 17 participants were excluded... yielding 38 final datasets.","unclear","","","","","","","","","","","","",""
"Iskra2026.pdf","efficacy_outcome","primary","2026","Iskra","Crossover","Germany","Psychophysiology","Fast-paced breathing","Unclear","non-sport exercise/performance","healthy active","58","","","","slow-paced breathing (6 CPM)","paced breathing (15 CPM)","crossover","Physiological","RMSSD (ms)","During intervention","FALSE","38","75.97","28.48","38","49.95","25.37","","True","58","58","","","","","20 dropouts/exclusions total.","Three participants were excluded from the main analysis due to technical issues... An additional 17 participants were excluded... yielding 38 final datasets.","unclear","","","","","","","","","","","","",""
"Jing2026.pdf","metadata_only","none","2026","Jing","RCT","China","J Sports Med Phys Fitness","Effects of underwater breath-holding training on athletes' lung capacity","Swimming","swimming","competitive","20","","","","breath holding/apnea","control","parallel","","","","","","","","","","","","False","","","","","","","","","unclear","","","","","","","","","","","","",""
"Jones2026.pdf","efficacy_outcome","additional","2026","Jones","RCT","USA","Med Sci Sports Exerc","Box Breathing vs Cyclic Sighing","Rowing","endurance","healthy active","77","21.0","3.0","71","box breathing","spontaneous breathing","parallel","physiological","HRR3","post-exercise","FALSE","21","119.9","18.9","20","124.0","15.7","","True","42","20","","","","","15 participants excluded due to technical issues.","Of these, 10 participants were excluded due to technical issues with the connectivity... An additional five participants were removed during data screening... final analyzed sample comprised 62 participants","unclear","","","","","","","","","","","","",""
"Jones2026.pdf","efficacy_outcome","primary","2026","Jones","RCT","USA","Med Sci Sports Exerc","Box Breathing vs Cyclic Sighing","Rowing","endurance","healthy active","77","21.0","3.0","71","box breathing","spontaneous breathing","parallel","Physiological","Heart Rate Recovery 1 min (bpm)","Post-exercise","FALSE","21","129.5","12.6","20","132.6","13.5","","True","42","20","","","","","15 participants excluded due to technical issues.","Of these, 10 participants were excluded due to technical issues with the connectivity... An additional five participants were removed during data screening... final analyzed sample comprised 62 participants","unclear","","","","","","","","","","","","",""
"Katz2026.pdf","efficacy_outcome","primary","2026","Katz","Crossover","USA","Journal of Strength and Conditioning Research","The acute effect of a diaphragmatic breathing warm-up on maximal deadlift performance","Deadlift","resistance/strength","recreational","40","24.8","6.8","80","diaphragmatic breathing","control","crossover","Performance","Deadlift 1RM (kg)","Post-test","FALSE","40","163.6","47.1","40","160.7","49.6","","True","40","40","","","","","","","unclear","","","","","","","","","","","","",""
"Raidl2026.pdf","metadata_only","none","2026","Raidl","RCT","Austria","Int J Sports Physiol Perform","No Evidence for the Efficacy of Slow-Paced Breathing as a Recovery Strategy After Sprint Interval Training","Sprint interval training","running","competitive","20","","","","slow-paced breathing","control","parallel","","","","","","","","","","","","False","","","","","","","","","unclear","","","","","","","","","","","","",""
"Tomita2026.pdf","metadata_only","none","2026","Tomita","Crossover","Japan","","Focused Attention Meditation as a Pre-Exercise Strategy","Speed skating","winter sports","elite","26","","",,"controlled breathing","random thinking","crossover","","","","","","","","","","","","False","26","26","0","0","","","All completed without adverse events.","All 26 participants completed the intervention and HIIT protocols without adverse events.","no","0","26","0","","All 26 participants completed the intervention and HIIT protocols without adverse events.","0","26","0","26","","0","0","All 26 participants completed the intervention and HIIT protocols without adverse events."
