paper_id,row_type,efficacy_source,year,first_author,design,country,journal,title_short,sport,sport_category,athlete_level,n_total,age_mean,age_sd,sex_male_pct,bt_classification,comparator,arm_structure,outcome_domain,outcome_metric,timepoint,lower_is_better,ig_n,ig_mean,ig_sd,cg_n,cg_mean,cg_sd,dispersion_note,complete_for_smd,n_allocated_ig,n_allocated_cg,dropout_n_ig,dropout_n_cg,adherence_rate_ig,adherence_rate_cg,completion_note,feasibility_source_quote,any_ae_reported,overall_ae_n,overall_ae_total,serious_ae_n,ae_description,safety_source_quote,any_ae_n_ig,any_ae_total_ig,any_ae_n_cg,any_ae_total_cg,ae_type,ae_n_ig,ae_n_cg,arm_safety_source_quote,source_row,intervention_bt_classification,intervention_breathing_category,intervention_comparator,intervention_arm_structure,intervention_timing,intervention_total_duration,publication_year_num,n_total_num,age_mean_num,age_sd_num,sex_ratio_prop,ig_n_num,ig_mean_num,ig_sd_num,cg_n_num,cg_mean_num,cg_sd_num,n_allocated_ig_num,n_allocated_cg_num,dropout_n_ig_num,dropout_n_cg_num,adherence_ig_prop,adherence_cg_prop,bt_category,design_group,dose_duration_days_num,male_n,female_n,outcome_index
Durand2000,metadata_only,none,2000,Durand,Observational,France,Med. Sci. Sports Exerc.,Evidence for an inadequate hyperventilation inducing arterial hypoxemia,"Cycling, Triathlon, Running",endurance,elite,22,23.9,1.3,100,hypoventilation,athletes without EIH,observational,,,,,,,,,,,,False,12,10,,,,,,,unclear,,,,,,,,,,,,,,1,hypoventilation,hypoventilation,athletes without EIH,observational,during exercise,,2000,22,23.9,1.3,1,,,,,,,12,10,,,,,hypoventilation,single_group_or_observational,,22,0,1
Spiering2004,metadata_only,none,2004,Spiering,Observational,USA,Journal of Asthma,An Evaluation of Standardizing Target Ventilation,Winter sports,winter sports,elite,78,,,32,voluntary hyperventilation,baseline,observational,,,,,,,,,,,,False,78,,,,,,,,unclear,,,,,,,,,,,,,,2,voluntary hyperventilation,hyperventilation,baseline,observational,baseline/testing,6 min,2004,78,,,0.32,,,,,,,78,,,,,,hyperventilation,single_group_or_observational,0.004166666666666667,24.96,53.03999999999999,2
Lindholm2005,efficacy_outcome,primary,2005,Lindholm,Observational,Sweden,Eur J Appl Physiol,Studies on inspiratory and expiratory glossopharyngeal breathing,Breath-hold diving,freediving,competitive,5,,,,glossopharyngeal breathing,baseline,observational,Physiological,VC,Post-test,FALSE,5,9.7,,5,7.8,,No dispersion reported,False,5,,,,,,,,unclear,,,,,,,,,,,,,,3,glossopharyngeal breathing,glossopharyngeal,baseline,observational,baseline/testing,,2005,5,,,,5,9.7,,5,7.8,,5,,,,,,other_unclear,single_group_or_observational,,,,3
Woorons2008,efficacy_outcome,primary,2008,Woorons,RCT,France,Respir Physiol Neurobiol,Effects of a 4-week training with voluntary hypoventilation,Running,running,competitive,16,27.1,6.0,,hypoventilation,normal breathing,parallel,Physiological,VO2max,Post-test,FALSE,8,43.7,,8,45.8,,SE,False,8,8,,,,,,,unclear,,,,,,,,,,,,,,4,hypoventilation,hypoventilation,normal breathing,parallel,training intervention,4 weeks,2008,16,27.1,6,,8,43.7,,8,45.8,,8,8,,,,,hypoventilation,parallel_or_controlled_trial,28,,,4
Guimard2014,metadata_only,none,2014,Guimard,Crossover,France,J Strength Cond Res,Acute apnea swimming: Metabolic responses and performance,Swimming,swimming,competitive,15,21.9,0.9,100,breath holding/apnea,normal breathing,crossover,,,,,,,,,,,,False,15,15,,,,,,,unclear,,,,,,,,,,,,,,6,breath holding,breath holding/apnea,normal breathing,crossover,during exercise,,2014,15,21.9,0.9,1,,,,,,,15,15,,,,,breath_holding,crossover,,15,0,6
Malakhov2014,efficacy_outcome,additional,2014,Malakhov,Crossover,Russia,Asian J Sports Med.,The Influence of Different Modes of Ventilation on Standing Balance of Athletes,"Field athletics, team sports",mixed/various sports,competitive,66,19.8,1.0,44,hyperventilation,quiet breath,crossover,performance,S (mm2),post-exercise,TRUE,38,386.7,245.6,38,76.22,34.15,,True,38,28,,,,,,,unclear,,,,,,,,,,,,,,7,hyperventilation,hyperventilation,quiet breath,crossover,baseline/testing,,2014,66,19.8,1,0.44,38,386.7,245.6,38,76.22,34.15,38,28,,,,,hyperventilation,crossover,,29.04,36.96,7
Sakamoto2014,metadata_only,none,2014,Sakamoto,Crossover,Japan,J Strength Cond Res,Hyperventilation as a strategy for improved repeated sprint performance,Cycling,cycling,competitive,15,,,,hyperventilation,control,crossover,,,,,,,,,,,,False,15,15,,,,,,,unclear,,,,,,,,,,,,,,5,hyperventilation,hyperventilation,control,crossover,acute pre-exercise,,2014,15,,,,,,,,,,15,15,,,,,hyperventilation,crossover,,,,5
Fujii2015,metadata_only,none,2015,Fujii,Crossover,Japan,Eur J Appl Physiol,Effect of voluntary hypocapnic hyperventilation on the metabolic response,Cycling,cycling,unclear,11,,,,voluntary hyperventilation,control,crossover,,,,,,,,,,,,False,11,11,,,,,,,unclear,,,,,,,,,,,,,,13,voluntary hyperventilation,hyperventilation,control,crossover,acute pre-exercise,,2015,11,,,,,,,,,,11,11,,,,,hyperventilation,crossover,,,,13
Jacob2015,metadata_only,none,2015,Jacob,Crossover,,Science & Sports,Pre-exercise hyperventilation can significantly increase performance,Swimming,swimming,competitive,14,,,,voluntary hyperventilation,normal breathing,crossover,,,,,,,,,,,,False,14,14,,,,,,,unclear,,,,,,,,,,,,,,9,voluntary hyperventilation,hyperventilation,normal breathing,crossover,acute pre-exercise,,2015,14,,,,,,,,,,14,14,,,,,hyperventilation,crossover,,,,9
Sakamoto2015,efficacy_outcome,primary,2015,Sakamoto,Crossover,Japan,Eur J Appl Physiol,Hyperventilation-induced respiratory alkalosis falls short of countering fatigue,Resistance training,resistance/strength,competitive,15,21.2,3.7,73,hyperventilation,control,crossover,Performance,Peak Torque 60/s (Nm),Pre-exercise,FALSE,15,237.1,56.8,15,234.0,58.4,,True,15,15,,,,,,,unclear,,,,,,,,,,,,,,10,hyperventilation,hyperventilation,control,crossover,acute pre-exercise,,2015,15,21.2,3.7,0.73,15,237.1,56.8,15,234,58.4,15,15,,,,,hyperventilation,crossover,,10.95,4.050000000000001,10
Stavrou2015,efficacy_outcome,additional,2015,Stavrou,RCT,Greece,J Hum Kinet,Yogic breathing practices improve lung functions of competitive young swimmers,Fin-swimming,swimming,competitive,28,,,50,intermittent breath holding,self-selected breathing frequency,parallel,physiological,FVC,post-training,FALSE,14,4.3,0.7,14,2.9,0.5,,True,14,14,0,0,,,,,unclear,,,,,,,,,,,,,,11,intermittent breath holding,breath holding/apnea,self-selected breathing,parallel,training intervention,16 weeks,2015,28,,,0.5,14,4.3,0.7,14,2.9,0.5,14,14,0,0,,,breath_holding,parallel_or_controlled_trial,112,14,14,11
Woorons2016,metadata_only,none,2016,Woorons,RCT,France,Med Sci Sports Exerc,Hypoventilation Training at Supramaximal Intensity Improves Swimming Performance,Swimming,swimming,competitive,16,,,75,hypoventilation (VHL),normal breathing (CONT),parallel,,,,,,,,,,,,False,8,8,0,1,,,One dropout in CONT due to inability to breathe through snorkel.,,unclear,,,,,,,,,,,,,,14,hypoventilation (VHL),hypoventilation,normal breathing,parallel,training intervention,5 weeks,2016,16,,,0.75,,,,,,,8,8,0,1,,,hypoventilation,parallel_or_controlled_trial,35,12,4,14
Burtch2017,efficacy_outcome,additional,2017,Burtch,RCT,USA,J Strength Cond Res,Evidence of global respiratory muscle fatigue from a 2-minute swim race,Swimming,swimming,competitive,25,,,,controlled frequency breathing (CFB),stroke matched control,parallel,physiological,VO2max,post-training,FALSE,13,53,5,12,53,6,,True,13,12,,,,,5 total dropouts.,"because of travel, illness, and failure to comply with required number of training sessions, only 20 subjects completed the final testing session.",yes,,25,,illness,"because of travel, illness, and failure to comply with required number of training sessions, only 20 subjects completed",,,,,,,,,19,controlled frequency breathing,paced breathing,matched control,parallel,training intervention,,2017,25,,,,13,53,5,12,53,6,13,12,,,,,paced_breathing,parallel_or_controlled_trial,,,,19
Hakked2017,efficacy_outcome,primary,2017,Hakked,RCT,India,J Ayurveda Integr Med,Yogic breathing practices improve lung functions of competitive young swimmers,Swimming,swimming,competitive,30,,,,pranayama/yogic breathing,usual training,parallel,Physiological,Maximum Voluntary Ventilation (MVV),Post (30 days),FALSE,14,3.54,0.88,13,3.08,0.86,,True,15,15,1,2,100,100,,,unclear,,,,,,,,,,,,,,15,pranayama/yogic breathing,yoga/pranayama,wait-list control,parallel,training intervention,30 days,2017,30,,,,14,3.54,0.88,13,3.08,0.86,15,15,1,2,1,1,pranayama_yogic,parallel_or_controlled_trial,30,,,15
Kacoglu2017,efficacy_outcome,primary,2017,Kacoglu,Crossover,Turkey,Eur J Hum Mov,The Acute Effects of Hyperventilation on Jumping and Sprinting Performance,Jumping and sprinting,running,healthy active,14,,,,hyperventilation,normal ventilation,crossover,Performance,10-m sprint time (s),Post-exercise,TRUE,14,1.94,0.11,14,1.92,0.11,,True,14,14,,,,,,,unclear,,,,,,,,,,,,,,16,hyperventilation,hyperventilation,normal ventilation,crossover,acute pre-exercise,,2017,14,,,,14,1.94,0.11,14,1.92,0.11,14,14,,,,,hyperventilation,crossover,,,,16
Pelka2017,metadata_only,none,2017,Pelka,Crossover,Germany,J Sports Sci,Acute effects of psychological relaxation techniques,Sprinting,running,competitive,27,25.22,1.08,70,slow-paced breathing,control,crossover,,,,,,,,,,,,False,30,30,,,,,3 dropouts occurred during habituation.,Dropouts occurred during habituation (3 out of 30). 27 analysed.,unclear,,,,,,,,,,,,,,17,slow-paced breathing,paced breathing,control,crossover,post-exercise/recovery,,2017,27,25.22,1.08,0.7,,,,,,,30,30,,,,,paced_breathing,crossover,,18.9,8.100000000000001,17
Trincat2017,efficacy_outcome,primary,2017,Trincat,RCT,Switzerland,Int J Sports Physiol Perform,Repeated Sprint Training in Hypoxia Induced by Voluntary Hypoventilation in Swimming,Swimming,swimming,competitive,16,15.55,1.8,56,hypoventilation,normal breathing,parallel,Physiological,Time at SpO2 <= 88% (s),During test,TRUE,8,34,0.7,8,0,0,,False,8,8,,,,,,,unclear,,,,,,,,,,,,,,18,hypoventilation,hypoventilation,normal breathing,parallel,training intervention,2 weeks,2017,16,15.55,1.8,0.56,8,34,0.7,8,0,0,8,8,,,,,hypoventilation,parallel_or_controlled_trial,14,8.96,7.039999999999999,18
Woorons2017,efficacy_outcome,additional,2017,Woorons,Crossover,France,Eur J Appl Physiol,Acute effects of repeated cycling sprints in hypoxia induced by voluntary hypoventilation,Cycling,cycling,competitive,9,27.2,9.3,89,hypoventilation (RSH-VHL),normal breathing (RSN),crossover,physiological,Breathing frequency,during exercise,FALSE,9,44.5,5.8,9,58.4,17.0,,True,9,9,,,,,,,unclear,,,,,,,,,,,,,,21,hypoventilation (RSH-VHL),hypoventilation,normal breathing,crossover,during exercise,,2017,9,27.2,9.3,0.89,9,44.5,5.8,9,58.4,17,9,9,,,,,hypoventilation,crossover,,8.01,0.9899999999999999,21
FornasierSantos2018,efficacy_outcome,additional,2018,Fornasier-Santos,RCT,France,Eur J Sport Sci,Repeated-sprint training in hypoxia induced by voluntary hypoventilation,Rugby,team sports,competitive,35,,,100,hypoventilation (VHL),normal breathing (RSN),parallel,performance,RV,post-training,FALSE,11,7.07,0.3,10,7.13,0.37,,True,,,,,,,14 subjects did not complete.,14 subjects did not complete,yes,,35,,"Injuries during matches, illness","Injuries during matches, illness",,,,,,,,,23,hypoventilation (VHL),hypoventilation,normal breathing,parallel,training intervention,4 weeks,2018,35,,,1,11,7.07,0.3,10,7.13,0.37,,,,,,,hypoventilation,parallel_or_controlled_trial,28,35,0,23
Gray2018,efficacy_outcome,additional,2018,Gray,Crossover,,J Swimming Research,Effects of deep-breathing protocols on swimming performance,Swimming,swimming,competitive,7,,,0,slow-paced breathing (30s),no deep breathing,crossover,physiological,Blood lactate,post-exercise,TRUE,7,3.8,1.06,7,2.9,1.58,,True,7,7,,,,,,,unclear,,,,,,,,,,,,,,24,slow-paced breathing,paced breathing,no deep breathing,crossover,acute pre-exercise,,2018,7,,,0,7,3.8,1.06,7,2.9,1.58,7,7,,,,,paced_breathing,crossover,,0,7,24
Lim2018,efficacy_outcome,additional,2018,Lim,Crossover,Canada,Eur J Appl Physiol,Physiological resolution of periodic breath holding during heavy-intensity Fartlek exercise,Cycling,cycling,recreational,10,24,3,100,breath holding (CONT-BH),free-breathing (CONT),crossover,physiological,VCO2p,post-exercise,FALSE,10,2.29,0.64,10,2.30,0.55,,True,10,10,,,,,,,unclear,,,,,,,,,,,,,,26,breath holding,breath holding/apnea,free-breathing,crossover,during exercise,,2018,10,24,3,1,10,2.29,0.64,10,2.3,0.55,10,10,,,,,breath_holding,crossover,,10,0,26
Sakamoto2018,efficacy_outcome,additional,2018,Sakamoto,Crossover,Japan,J Strength Cond Res,Effects of hyperventilation on repeated pedaling sprint performance,Cycling,cycling,competitive,17,,,88,hyperventilation short (HVshort),control,crossover,physiological,VE,during exercise,FALSE,15,153.1,27.0,15,73.6,16.6,,True,17,17,,,,,2 dropouts due to transducer error.,2 subjects were excluded from the data set because of a transducer error.,unclear,,,,,,,,,,,,,,28,hyperventilation,hyperventilation,control,crossover,acute pre-exercise,,2018,17,,,0.88,15,153.1,27,15,73.6,16.6,17,17,,,,,hyperventilation,crossover,,14.96,2.04,28
Fernandez2019,metadata_only,none,2019,Fernandez,Observational,Spain,Front Physiol,SaO2 Recovery in Freedivers,Freediving,freediving,competitive,25,,,100,breath holding,fast recovery,observational,,,,,,,,,,,,False,25,,,,,,,,unclear,,,,,,,,,,,,,,30,breath holding,breath holding/apnea,fast recovery,observational,post-exercise/recovery,,2019,25,,,1,,,,,,,25,,,,,,breath_holding,single_group_or_observational,,25,0,30
Laborde2019,efficacy_outcome,additional,2019,Laborde,Crossover,Germany,Front Psychol,Influence of slow-paced breathing on inhibition after physical exertion,Burpees,non-sport exercise/performance,healthy active,120,25.57,2.52,58,slow-paced breathing,watching TV documentary,crossover,cognitive,Stroop errors,post-intervention,TRUE,60,0.50,0.70,60,0.81,0.86,,True,60,60,,,,,ECG data lost for 13 participants in Exp 2.,"Due to technical problems, the ECG data of the last 13 participants of Experiment 2 were lost",unclear,,,,,,,,,,,,,,31,slow-paced breathing,paced breathing,active control,crossover,post-exercise/recovery,,2019,120,25.57,2.52,0.58,60,0.5,0.7,60,0.81,0.86,60,60,,,,,paced_breathing,crossover,,69.6,50.400000000000006,31
Woorons2019,efficacy_outcome,additional,2019,Woorons,Crossover,France,Int J Sports Med,Cerebral and Muscle Oxygenation during Repeated Shuttle Run Sprints with Hypoventilation,Shuttle run sprints,running,competitive,10,,,,hypoventilation,normal breathing,crossover,physiological,PETO2,during exercise,FALSE,10,109.9,3.6,10,114.6,3.6,,True,10,10,,,,,,,unclear,,,,,,,,,,,,,,33,hypoventilation,hypoventilation,normal breathing,crossover,during exercise,,2019,10,,,,10,109.9,3.6,10,114.6,3.6,10,10,,,,,hypoventilation,crossover,,,,33
Woorons2019b,efficacy_outcome,additional,2019,Woorons,RCT,France,Eur J Appl Physiol,Physiological adaptations to repeated sprint training in hypoxia,Cycling,cycling,competitive,18,34.6,11,100,hypoventilation (RSH-VHL),normal breathing (RSN),parallel,performance,RSA Sdec,post-training,FALSE,9,-8.2,7,9,-12.0,9,,True,9,9,,,,,,,unclear,,,,,,,,,,,,,,35,hypoventilation (RSH-VHL),hypoventilation,normal breathing,parallel,training intervention,3 weeks,2019,18,34.6,11,1,9,-8.2,7,9,-12,9,9,9,,,,,hypoventilation,parallel_or_controlled_trial,21,18,0,35
Bouten2020,metadata_only,none,2020,Bouten,Crossover,Belgium,Med Sci Sports Exerc,Acute Apnea Does Not Improve 3-km Cycling Time Trial Performance,Cycling,cycling,competitive,11,22.1,1.5,,breath holding/apnea,placebo/control,crossover,,,,,,,,,,,,False,11,11,,,,,,,unclear,,,,,,,,,,,,,,37,breath holding/apnea,breath holding/apnea,placebo/control,crossover,acute pre-exercise,,2020,11,22.1,1.5,,,,,,,,11,11,,,,,breath_holding,crossover,,,,37
Lapointe2020,efficacy_outcome,additional,2020,Lapointe,RCT,Canada,Front Sports Act Living,Impact of repeated-sprint training with voluntary hypoventilation on repeated-sprint ability,Basketball,team sports,competitive,17,22.3,1.2,71,hypoventilation (VHL),normal breathing (CTL),parallel,performance,VIFT,post-training,FALSE,7,18.78,1.68,6,18.63,1.75,,True,9,8,2,2,,,,,yes,1,17,,unrelated injury,1 due to unrelated injury,,,,,,,,,38,hypoventilation (VHL),hypoventilation,normal breathing,parallel,training intervention,4 weeks,2020,17,22.3,1.2,0.71,7,18.78,1.68,6,18.63,1.75,9,8,2,2,,,hypoventilation,parallel_or_controlled_trial,28,12.07,4.930000000000001,38
Robertson2020,efficacy_outcome,additional,2020,Robertson,Crossover,UK,J Strength Cond Res,Effects of pre-race apneas on 400-m freestyle swimming performance,Swimming,swimming,competitive,9,19,1.5,67,pre-race apneas (WUAP),control (CON),crossover,physiological,Blood lactate,post-time-trial,TRUE,10,9.52,2.12,10,9.84,3.67,,True,10,10,,,,,,,unclear,,,,,,,,,,,,,,40,pre-race apneas,breath holding/apnea,control,crossover,acute pre-exercise,,2020,9,19,1.5,0.67,10,9.52,2.12,10,9.84,3.67,10,10,,,,,breath_holding,crossover,,6.03,2.9699999999999998,40
Sakamoto2020,metadata_only,none,2020,Sakamoto,Crossover,Japan,J Strength Cond Res,Hyperventilation-aided recovery for extra repetitions on bench press and leg press,"Bench press, leg press",resistance/strength,competitive,11,22.5,4.3,100,hyperventilation,spontaneous breathing,crossover,,,,,,,,,,,,False,11,11,,,,,,,no,0,11,0,,"No subjects reported discomfort sensations related to HV (dizziness, paresthesia, or discomfort in the chest) during the experiment.",0,11,0,11,,0,0,"No subjects reported discomfort sensations related to HV (dizziness, paresthesia, or discomfort in the chest) during the experiment.",42,hyperventilation,hyperventilation,spontaneous breathing,crossover,post-exercise/recovery,,2020,11,22.5,4.3,1,,,,,,,11,11,,,,,hyperventilation,crossover,,11,0,42
Woorons2020,metadata_only,none,2020,Woorons,RCT,France,Int J Sports Physiol Perform,Transferable benefits of cycle hypoventilation training,Team sports,team sports,competitive,16,,,,hypoventilation,normal breathing,parallel,,,,,,,,,,,,False,,,,,,,,,unclear,,,,,,,,,,,,,,43,hypoventilation,hypoventilation,normal breathing,parallel,training intervention,,2020,16,,,,,,,,,,,,,,,,hypoventilation,parallel_or_controlled_trial,,,,43
Bahensky2021,efficacy_outcome,additional,2021,Bahensky,RCT,Czech Republic,J. Clin. Med.,Impact of a Breathing Intervention on Engagement,Unclear,non-sport exercise/performance,unclear,46,,,,yoga-based breathing,normal training,parallel,physiological,Subclavian pressure,post-training,FALSE,22,2.83,0.88,23,2.98,1.35,,True,23,23,1,0,,,,One participant did not complete the intervention for medical reasons unrelated to the intervention and was excluded,yes,1,46,,medical reasons,One participant did not complete the intervention for medical reasons unrelated to the intervention,,,,,,,,,44,yoga-based breathing,yoga/pranayama,normal training,parallel,training intervention,8 weeks,2021,46,,,,22,2.83,0.88,23,2.98,1.35,23,23,1,0,,,pranayama_yogic,parallel_or_controlled_trial,56,,,44
Citherlet2021,efficacy_outcome,additional,2021,Citherlet,Crossover,Switzerland,Frontiers in Sports and Active Living,Wim Hof breathing method,Repeated sprinting,running,competitive,16,,,,Wim Hof breathing method,spontaneous breathing,crossover,physiological,SpO2,acute pre-exercise,FALSE,15,99,0,15,97,1,,False,16,16,,,,,1 dropout due to injury.,1 participant was excluded because of a muscular injury,yes,1,16,,muscular injury,1 participant was excluded because of a muscular injury (in the lower limb during the first sprint),,,,,,,,,46,Wim Hof Method,mixed protocol,spontaneous breathing,crossover,acute pre-exercise,12 min,2021,16,,,,15,99,0,15,97,1,16,16,,,,,other_unclear,crossover,0.008333333333333333,,,46
Dobashi2021,metadata_only,none,2021,Dobashi,Crossover,Japan,Eur J Sport Sci,Voluntary hypocapnic hyperventilation lasting 5 min and 20 min similarly reduce aerobic metabolism,Cycling,cycling,mixed,11,24,2,91,voluntary hyperventilation,control,crossover,,,,,,,,,,,,False,11,11,,,,,,,unclear,,,,,,,,,,,,,,47,voluntary hyperventilation,hyperventilation,control,crossover,acute pre-exercise,"5 min, 20 min",2021,11,24,2,0.91,,,,,,,11,11,,,,,hyperventilation,crossover,0.003472222222222222,10.01,0.9899999999999997,47
Grossman2021,efficacy_outcome,additional,2021,Grossman,Crossover,Canada,Front Physiol,Breath holding during heavy-intensity Fartlek exercise,Cycling,cycling,healthy active,10,23.7,2.5,100,breath holding (CONLD-BH),free-breathing (CONLD),crossover,physiological,VCO2,post-exercise,FALSE,10,2.43,0.70,10,2.55,0.65,,True,10,10,,,,,,,unclear,,,,,,,,,,,,,,48,breath holding,breath holding/apnea,free-breathing,crossover,during exercise,,2021,10,23.7,2.5,1,10,2.43,0.7,10,2.55,0.65,10,10,,,,,breath_holding,crossover,,10,0,48
Taylor2021,efficacy_outcome,additional,2021,Buchanan,Crossover,USA,Human Movement Science,Fast breathing facilitates reaction time and movement time of a memory-guided force pulse,Memory-guided force pulse,non-sport exercise/performance,healthy active,47,21.3,2.8,36,fast-paced breathing,slow-paced breathing,crossover,performance,NMT,during task,TRUE,47,281.83,226.50,47,303.28,225.36,,True,47,47,,,,,,,unclear,,,,,,,,,,,,,,50,fast-paced breathing,paced breathing,slow-paced breathing,crossover,during exercise,,2021,47,21.3,2.8,0.36,47,281.83,226.5,47,303.28,225.36,47,47,,,,,paced_breathing,crossover,,16.919999999999998,30.080000000000002,50
Vaidya2021,metadata_only,none,2021,Vaidya,RCT,India,Int J Yoga Therapy,Effect of Yoga on Performance and Physical Fitness in Cricket Bowlers,Cricket,team sports,competitive,30,,,,yoga-based breathing,control,parallel,,,,,,,,,,,,False,,,,,,,,,unclear,,,,,,,,,,,,,,52,yoga-based breathing,yoga/pranayama,control,parallel,training intervention,,2021,30,,,,,,,,,,,,,,,,pranayama_yogic,parallel_or_controlled_trial,,,,52
Brocherie2022,metadata_only,none,2022,Brocherie,RCT,France,Int J Sports Sci Coach,Effects of a 5-week off-ice repeated-sprint training with voluntary hypoventilation,Ice hockey,team sports,elite,43,16.7,1.5,100,hypoventilation (VHL),normal breathing (RSN),parallel,,,,,,,,,,,,False,43,,,,,,,8 dropouts total.,yes,3,43,,injuries,Eight out of the 43 subjects were unable to complete the protocol due to injuries (n=3),,,,,,,,,53,hypoventilation (VHL),hypoventilation,normal breathing,parallel,training intervention,5 weeks,2022,43,16.7,1.5,1,,,,,,,43,,,,,,hypoventilation,parallel_or_controlled_trial,35,43,0,53
Conlon2022,efficacy_outcome,additional,2022,Conlon,RCT,UK,,The effects of breathing techniques on pressurized performance and stress-responses,Shooting,mixed/various sports,competitive,67,,,,slow diaphragmatic breathing,paced breathing (12 cpm),parallel,physiological,RMSSD,post-intervention,FALSE,22,67.55,42.19,21,61.29,28.05,,True,23,44,1,2,,,,,unclear,,,,,,,,,,,,,,54,slow diaphragmatic breathing,diaphragmatic,paced breathing,parallel,acute pre-exercise,5 min,2022,67,,,,22,67.55,42.19,21,61.29,28.05,23,44,1,2,,,diaphragmatic,parallel_or_controlled_trial,0.003472222222222222,,,54
Marko2022,efficacy_outcome,additional,2022,Marko,Before-after,Czech Republic,J. Clin. Med.,Does Wim Hof Method Improve Breathing Economy during Exercise?,Cycling,cycling,healthy active,23,,,,Wim Hof Method,baseline,crossover,physiological,VT,post-test,FALSE,11,1.67,0.25,11,1.66,0.27,,True,23,,,,,,,,unclear,,,,,,,,,,,,,,56,Wim Hof Method,mixed protocol,baseline,single-arm,acute pre-exercise,,2022,23,,,,11,1.67,0.25,11,1.66,0.27,23,,,,,,other_unclear,before_after,,,,56
You2023,efficacy_outcome,additional,2023,You,Crossover,France,Applied Psychophysiology and Biofeedback,Single slow-paced Breathing Session at six cycles per minute,Unclear,non-sport exercise/performance,healthy active,78,22.32,2.11,71,slow-paced breathing (6 cpm),usual breathing,crossover,physiological,SDNN,post-intervention,FALSE,75,141.37,45.35,75,98.23,40.70,,True,78,78,,,,,3 dropouts total.,,unclear,,,,,,,,,,,,,,58,slow-paced breathing,paced breathing,usual breathing,crossover,baseline/testing,,2023,78,22.32,2.11,0.71,75,141.37,45.35,75,98.23,40.7,78,78,,,,,paced_breathing,crossover,,55.379999999999995,22.620000000000005,58
Braham2024,metadata_only,none,2024,Braham,RCT,France,Int J Sports Physiol Perform,Effects of a 6-Week Repeated-Sprint Training With Voluntary Hypoventilation,Soccer,team sports,competitive,16,,,0,hypoventilation (VHL),normal breathing (RSN),parallel,,,,,,,,,,,,False,,,,,,,,,unclear,,,,,,,,,,,,,,60,hypoventilation (VHL),hypoventilation,normal breathing,parallel,training intervention,6 weeks,2024,16,,,0,,,,,,,,,,,,,hypoventilation,parallel_or_controlled_trial,42,0,16,60
Buxton2024,metadata_only,none,2024,Buxton,Crossover,USA,J Hum Kinet,The Effects of Slow Breathing during Inter-Set Recovery on Power Performance in the Barbell Back Squat,Back squat,resistance/strength,recreational,18,20.7,1.4,100,slow-paced breathing (4-7-8 method),control,crossover,,,,,,,,,,,,False,18,18,,,,,,,unclear,,,,,,,,,,,,,,61,slow-paced breathing,paced breathing,control,crossover,post-exercise/recovery,,2024,18,20.7,1.4,1,,,,,,,18,18,,,,,paced_breathing,crossover,,18,0,61
Li2024,efficacy_outcome,additional,2024,Li,Crossover,China,Healthcare,The Impact of Starting Positions and Breathing Rhythms on Cardiopulmonary Stress,Burpees,non-sport exercise/performance,healthy active,30,19.6,1.2,82,regulated breathing (Rhythm+Stand),free breathing (Free+Stand),crossover,physiological,Average POCR,post-exercise,FALSE,22,14.3,1.28,22,11.0,0.93,,True,30,30,,,,,8 dropouts total.,Participants Exclusion (n=3) Have musculoskeletal injury... Lost Follow up (n=5),yes,1,30,,respiratory-related illnesses,Lost Follow up (n=5)... Get respiratory-related illnesses: n=1,,,,,,,,,62,regulated breathing,paced breathing,free breathing,crossover,during exercise,,2024,30,19.6,1.2,0.82,22,14.3,1.28,22,11,0.93,30,30,,,,,paced_breathing,crossover,,24.599999999999998,5.400000000000001,62
Merlin2024,efficacy_outcome,additional,2024,Merlin,RCT,France,J Funct Morphol Kinesiol,Psychophysiological Effects of Slow-Paced Breathing on Adolescent Swimmers,Swimming,swimming,elite,13,13.9,0.38,38,slow-paced breathing,control,parallel,psychological,Total recovery,post-intervention,FALSE,7,4.96,1.12,6,5.14,1.06,,True,7,6,,,,,,,unclear,,,,,,,,,,,,,,64,slow-paced breathing,paced breathing,control,parallel,training intervention,6 weeks,2024,13,13.9,0.38,0.38,7,4.96,1.12,6,5.14,1.06,7,6,,,,,paced_breathing,parallel_or_controlled_trial,42,4.94,8.06,64
Rosa2024,metadata_only,none,2024,Rosa,Crossover,Portugal,,VHL during arm cycle ergometer,Arm cycle ergometer,non-sport exercise/performance,unclear,14,,,,hypoventilation (RS-VHL),normal breathing (RSN),crossover,,,,,,,,,,,,False,14,14,,,,,,,unclear,,,,,,,,,,,,,,65,hypoventilation (RS-VHL),hypoventilation,normal breathing,crossover,during exercise,,2024,14,,,,,,,,,,14,14,,,,,hypoventilation,crossover,,,,65
Sikora2024,efficacy_outcome,additional,2024,Sikora,Observational,Poland,Sci Rep,Differences between diaphragmatic and abdominal breathing patterns in spirometric,Unclear,mixed/various sports,competitive,69,,,,diaphragmatic breathing,thoracic breathing,observational,physiological,FEV1,baseline,FALSE,38,5.13,1.01,22,4.14,0.88,,True,38,22,,,,,,,unclear,,,,,,,,,,,,,,66,diaphragmatic breathing,diaphragmatic,thoracic breathing,observational,baseline/testing,,2024,69,,,,38,5.13,1.01,22,4.14,0.88,38,22,,,,,diaphragmatic,single_group_or_observational,,,,66
Woorons2024,efficacy_outcome,additional,2024,Woorons,RCT,France,Front Physiol,Hypoventilation training including maximal end-expiratory breath holding improves,Judo,combat sports,elite,20,20.6,2.5,50,hypoventilation (RSH-VHL),normal breathing (RSN),parallel,performance,Sdec,post-training,TRUE,9,20.4,6.5,8,24.4,4.2,,True,10,10,1,2,,,,,unclear,,,,,,,,,,,,,,68,hypoventilation (RSH-VHL),hypoventilation,normal breathing,parallel,training intervention,4 weeks,2024,20,20.6,2.5,0.5,9,20.4,6.5,8,24.4,4.2,10,10,1,2,,,hypoventilation,parallel_or_controlled_trial,28,10,10,68
Deniz2025,efficacy_outcome,additional,2025,Deniz,Crossover,Turkey,"BMC Sports Science, Medicine and Rehabilitation",The effect of breathing strategy on lifted load during the bench press,Bench press,resistance/strength,recreational,12,27.92,7.38,100,exhalation,inhalation,crossover,physiological,Post-exercise SBP,post-exercise,TRUE,12,125.00,9.40,12,128.50,8.88,,True,12,12,,,,,,,unclear,,,,,,,,,,,,,,70,exhalation,other,inhalation,crossover,during exercise,4 weeks,2025,12,27.92,7.38,1,12,125,9.4,12,128.5,8.88,12,12,,,,,other_unclear,crossover,28,12,0,70
Fernandez2025,efficacy_outcome,primary,2025,DeAs?s-Fern?ndez,Crossover,Spain,Sports,Effects of Hook Maneuver on Oxygen Saturation Recovery After -40 m Apnea Dive,Freediving,freediving,competitive,13,42,9,,hook breathing,usual breathing,crossover,Physiological,SpO2 at 30s (%),30s Post-apnea,FALSE,13,92,9,13,87,7.9,,True,13,13,,,,,,,yes,5,14,1,pulmonary edema,One participant was eliminated... he had developed severe pulmonary edema... Four participants showed signs of mild pulmonary edema,4,13,4,13,mild pulmonary edema,4,4,"Four participants showed signs of mild pulmonary edema, after diving, coinciding in both protocols",72,hook breathing,other,usual breathing,crossover,post-exercise/recovery,,2025,13,42,9,,13,92,9,13,87,7.9,13,13,,,,,other_unclear,crossover,,,,72
Fesseler2025,efficacy_outcome,primary,2025,Fesseler,Crossover,Germany,Experimental Physiology,The effect of pre-exercise hyperventilation on repeated high-intensity inclined sprint performance,Sprint intervals,running,recreational,36,24.0,1.8,50,pre-exercise hyperventilation,spontaneous breathing,crossover,Performance,Cumulative elevation gain (Sprint 1),Post-sprint,FALSE,36,-12.89,2.78,36,-12.27,2.44,,True,36,36,,,,,,,unclear,,,,,,,,,,,,,,73,pre-exercise hyperventilation,hyperventilation,spontaneous breathing,crossover,acute pre-exercise,30 s,2025,36,24,1.8,0.5,36,-12.89,2.78,36,-12.27,2.44,36,36,,,,,hyperventilation,crossover,30,18,18,73
Fox2025,metadata_only,none,2025,Fox,RCT,Australia,Sci Rep,Wim Hof Method,General,non-sport exercise/performance,healthy active,404,37,9.95,44,Wim Hof Method,Meditation control,parallel,,,,,,,,,,,,False,273,131,,,,,Total attrition 152. Daily intervention compliance 64.71%.,"A total of 556 participants enrolled in the study, with a final sample size of 404 participants",yes,1,556,,medical condition,"Attrition was due to a medical condition (1), travel, and conflicting time commitments.",,,,,,,,,74,Wim Hof Method,mixed protocol,active control,parallel,training intervention,29 days,2025,404,37,9.95,0.44,,,,,,,273,131,,,,,other_unclear,parallel_or_controlled_trial,29,177.76,226.24,74
Kasap2025,efficacy_outcome,primary,2025,Kasap,Crossover,Turkey,PLoS One,Box breathing or six breaths per minute: Which strategy improves athletes post-HIIT cardiovascular recovery?,Cycle ergometer,cycling,healthy active,40,20.95,1.75,63,box breathing,6 bpm breathing,crossover,Physiological,Final Heart Rate (bpm),Post-exercise,TRUE,40,164.65,9.40,40,159.05,10.38,,True,40,40,,,,,,,unclear,,,,,,,,,,,,,,75,box breathing,paced breathing,spontaneous breathing,crossover,post-exercise/recovery,2 min,2025,40,20.95,1.75,0.63,40,164.65,9.4,40,159.05,10.38,40,40,,,,,paced_breathing,crossover,0.001388888888888889,25.2,14.8,75
Liapaki2025,metadata_only,none,2025,Liapaki,Crossover,Greece,J Hum Kinet,Apnea or normal breathing on physiological responses during HIIT,Running,running,competitive,15,24.7,3.1,,breath holding/apnea,normal breathing,crossover,,,,,,,,,,,,False,15,15,,,,,,,unclear,,,,,,,,,,,,,,76,breath holding/apnea,breath holding/apnea,normal breathing,crossover,during exercise,,2025,15,24.7,3.1,,,,,,,,15,15,,,,,breath_holding,crossover,,,,76
Lorinczi2025,metadata_only,none,2025,Lorinczi,RCT,Slovakia,Int J Sports Physiol Perform,Additional Benefits of Repeated-Sprint Training With Prolonged End-Expiratory Breath Holding,Soccer,team sports,competitive,20,,,,breath holding/apnea (EEBH),normal breathing,parallel,,,,,,,,,,,,False,,,,,,,,,unclear,,,,,,,,,,,,,,77,breath holding/apnea (EEBH),breath holding/apnea,normal breathing,parallel,training intervention,,2025,20,,,,,,,,,,,,,,,,breath_holding,parallel_or_controlled_trial,,,,77
Yilmaz2025,metadata_only,none,2025,Yilmaz,Other experimental,Turkey,Sci Rep,Evaluating bioenergetic pathway contributions,Wingate,cycling,healthy active,12,,,,voluntary hyperventilation,control,parallel,,,,,,,,,,,,False,12,12,,,,,,,unclear,,,,,,,,,,,,,,78,voluntary hyperventilation,hyperventilation,control,unclear,acute pre-exercise,,2025,12,,,,,,,,,,12,12,,,,,hyperventilation,parallel_or_controlled_trial,,,,78
Chiron2026,efficacy_outcome,additional,2026,Chiron,RCT,France,J Strength Cond Res,Exploring the influence of coherent breathing on psychophysiological stress,Running,running,elite,22,22.3,3.0,68,slow-paced breathing (RELAX),control (CONT),parallel,physiological,Heart Rate,post-test,TRUE,11,55.97,8.32,11,55.75,6.11,,True,11,11,,,,,,,unclear,,,,,,,,,,,,,,79,slow-paced breathing,paced breathing,control,parallel,training intervention,8 days,2026,22,22.3,3,0.68,11,55.97,8.32,11,55.75,6.11,11,11,,,,,paced_breathing,parallel_or_controlled_trial,8,14.96,7.039999999999999,79
Devipriya2026,efficacy_outcome,primary,2026,Devipriya,Before-after,India,Cureus,Evaluation of Immediate Changes in Reaction Time Following Bhramari Pranayama,Unclear,non-sport exercise/performance,healthy active,60,21.35,1.78,50,Bhramari Pranayama,within-subject baseline,crossover,Performance,Visual Reaction Time (VRT) Right Hand (ms),Post-session,TRUE,60,201.35,,60,223.67,,No dispersion reported,False,60,60,,,,,,,unclear,,,,,,,,,,,,,,81,Bhramari Pranayama,yoga/pranayama,baseline,single-arm,baseline/testing,,2026,60,21.35,1.78,0.5,60,201.35,,60,223.67,,60,60,,,,,pranayama_yogic,before_after,,30,30,81
FernandezBarradas2026,efficacy_outcome,primary,2026,Fern?ndez-Barradas,Before-after,Mexico,Front. Sports Act. Living,Slow paced breathing and power posing: a pre-competitive ritual,American football,team sports,competitive,34,16.97,0.80,,slow-paced breathing,baseline,crossover,Psychological,Cognitive anxiety,Post-test,TRUE,34,16,,34,52.27,,No dispersion reported,False,34,,,,,,,,unclear,,,,,,,,,,,,,,82,slow-paced breathing,paced breathing,baseline,single-arm,acute pre-exercise,8 weeks,2026,34,16.97,0.8,,34,16,,34,52.27,,34,,,,,,paced_breathing,before_after,56,,,82
Iskra2026,efficacy_outcome,additional,2026,Iskra,Crossover,Germany,Psychophysiology,Fast-paced breathing,Unclear,non-sport exercise/performance,healthy active,58,,,,slow-paced breathing (6 CPM),paced breathing (15 CPM),crossover,physiological,PEP,during intervention,FALSE,38,114.46,11.16,38,116.17,11.75,,True,58,58,,,,,20 dropouts/exclusions total.,Three participants were excluded from the main analysis due to technical issues... An additional 17 participants were excluded... yielding 38 final datasets.,unclear,,,,,,,,,,,,,,83,slow-paced breathing,paced breathing,paced breathing,crossover,baseline/testing,2.5 min,2026,58,,,,38,114.46,11.16,38,116.17,11.75,58,58,,,,,paced_breathing,crossover,0.001736111111111111,,,83
Jing2026,metadata_only,none,2026,Jing,RCT,China,J Sports Med Phys Fitness,Effects of underwater breath-holding training on athletes' lung capacity,Swimming,swimming,competitive,20,,,,breath holding/apnea,control,parallel,,,,,,,,,,,,False,,,,,,,,,unclear,,,,,,,,,,,,,,85,breath holding/apnea,breath holding/apnea,control,parallel,training intervention,,2026,20,,,,,,,,,,,,,,,,breath_holding,parallel_or_controlled_trial,,,,85
Jones2026,efficacy_outcome,additional,2026,Jones,RCT,USA,Med Sci Sports Exerc,Box Breathing vs Cyclic Sighing,Rowing,endurance,healthy active,77,21.0,3.0,71,box breathing,spontaneous breathing,parallel,physiological,HRR3,post-exercise,FALSE,21,119.9,18.9,20,124.0,15.7,,True,42,20,,,,,15 participants excluded due to technical issues.,"Of these, 10 participants were excluded due to technical issues with the connectivity... An additional five participants were removed during data screening... final analyzed sample comprised 62 participants",unclear,,,,,,,,,,,,,,86,box breathing,paced breathing,spontaneous breathing,parallel,post-exercise/recovery,3 min,2026,77,21,3,0.71,21,119.9,18.9,20,124,15.7,42,20,,,,,paced_breathing,parallel_or_controlled_trial,0.0020833333333333333,54.669999999999995,22.330000000000002,86
Katz2026,efficacy_outcome,primary,2026,Katz,Crossover,USA,Journal of Strength and Conditioning Research,The acute effect of a diaphragmatic breathing warm-up on maximal deadlift performance,Deadlift,resistance/strength,recreational,40,24.8,6.8,80,diaphragmatic breathing,control,crossover,Performance,Deadlift 1RM (kg),Post-test,FALSE,40,163.6,47.1,40,160.7,49.6,,True,40,40,,,,,,,unclear,,,,,,,,,,,,,,88,diaphragmatic breathing,diaphragmatic,control,crossover,acute pre-exercise,5 min,2026,40,24.8,6.8,0.8,40,163.6,47.1,40,160.7,49.6,40,40,,,,,diaphragmatic,crossover,0.003472222222222222,32,7.999999999999998,88
Raidl2026,metadata_only,none,2026,Raidl,RCT,Austria,Int J Sports Physiol Perform,No Evidence for the Efficacy of Slow-Paced Breathing as a Recovery Strategy After Sprint Interval Training,Sprint interval training,running,competitive,20,,,,slow-paced breathing,control,parallel,,,,,,,,,,,,False,,,,,,,,,unclear,,,,,,,,,,,,,,89,slow-paced breathing,paced breathing,control,parallel,post-exercise/recovery,,2026,20,,,,,,,,,,,,,,,,paced_breathing,parallel_or_controlled_trial,,,,89
Tomita2026,metadata_only,none,2026,Tomita,Crossover,Japan,,Focused Attention Meditation as a Pre-Exercise Strategy,Speed skating,winter sports,elite,26,,,,controlled breathing,random thinking,crossover,,,,,,,,,,,,False,26,26,0,0,,,All completed without adverse events.,All 26 participants completed the intervention and HIIT protocols without adverse events.,no,0,26,0,,All 26 participants completed the intervention and HIIT protocols without adverse events.,0,26,0,26,,0,0,All 26 participants completed the intervention and HIIT protocols without adverse events.,90,focused attention meditation,other,control,crossover,acute pre-exercise,,2026,26,,,,,,,,,,26,26,0,0,,,other_unclear,crossover,,,,90
