paper_id,row_type,efficacy_source,year,first_author,design,country,journal,title_short,sport,sport_category,athlete_level,n_total,age_mean,age_sd,sex_male_pct,bt_classification,comparator,arm_structure,outcome_domain,outcome_metric,timepoint,lower_is_better,ig_n,ig_mean,ig_sd,cg_n,cg_mean,cg_sd,dispersion_note,complete_for_smd,n_allocated_ig,n_allocated_cg,dropout_n_ig,dropout_n_cg,adherence_rate_ig,adherence_rate_cg,completion_note,feasibility_source_quote,any_ae_reported,overall_ae_n,overall_ae_total,serious_ae_n,ae_description,safety_source_quote,any_ae_n_ig,any_ae_total_ig,any_ae_n_cg,any_ae_total_cg,ae_type,ae_n_ig,ae_n_cg,arm_safety_source_quote,row_id,year_num,n_total_num,ig_n_num,ig_mean_num,ig_sd_num,cg_n_num,cg_mean_num,cg_sd_num,n_allocated_ig_num,n_allocated_cg_num,dropout_n_ig_num,dropout_n_cg_num,any_ae_n_ig_num,any_ae_total_ig_num,any_ae_n_cg_num,any_ae_total_cg_num,overall_ae_n_num,overall_ae_total_num,outcome_lower,lower_by_metric,lower_is_better_flag,direction_standardization_note,direction_multiplier
Durand2000,metadata_only,none,2000,Durand,Observational,France,Med. Sci. Sports Exerc.,Evidence for an inadequate hyperventilation inducing arterial hypoxemia,"Cycling, Triathlon, Running",endurance,elite,22,23.9,1.3,100,hypoventilation,athletes without EIH,observational,,,,,,,,,,,,FALSE,12,10,,,,,,,unclear,,,,,,,,,,,,,,1,2000,22,,,,,,,12,10,,,,,,,,,,,FALSE,Positive Hedges' g favors the breathing intervention,1
Spiering2004,metadata_only,none,2004,Spiering,Observational,USA,Journal of Asthma,An Evaluation of Standardizing Target Ventilation,Winter sports,winter sports,elite,78,,,32,voluntary hyperventilation,baseline,observational,,,,,,,,,,,,FALSE,78,,,,,,,,unclear,,,,,,,,,,,,,,2,2004,78,,,,,,,78,,,,,,,,,,,,FALSE,Positive Hedges' g favors the breathing intervention,1
Lindholm2005,efficacy_outcome,primary,2005,Lindholm,Observational,Sweden,Eur J Appl Physiol,Studies on inspiratory and expiratory glossopharyngeal breathing,Breath-hold diving,freediving,competitive,5,,,,glossopharyngeal breathing,baseline,observational,Physiological,VC,Post-test,FALSE,5,9.7,,5,7.8,,No dispersion reported,FALSE,5,,,,,,,,unclear,,,,,,,,,,,,,,3,2005,5,5,9.7,,5,7.8,,5,,,,,,,,,,vc,FALSE,FALSE,Positive Hedges' g favors the breathing intervention,1
Woorons2008,efficacy_outcome,primary,2008,Woorons,RCT,France,Respir Physiol Neurobiol,Effects of a 4-week training with voluntary hypoventilation,Running,running,competitive,16,27.1,6.0,,hypoventilation,normal breathing,parallel,Physiological,VO2max,Post-test,FALSE,8,43.7,,8,45.8,,SE,FALSE,8,8,,,,,,,unclear,,,,,,,,,,,,,,4,2008,16,8,43.7,,8,45.8,,8,8,,,,,,,,,vo2max,FALSE,FALSE,Positive Hedges' g favors the breathing intervention,1
Sakamoto2014,metadata_only,none,2014,Sakamoto,Crossover,Japan,J Strength Cond Res,Hyperventilation as a strategy for improved repeated sprint performance,Cycling,cycling,competitive,15,,,,hyperventilation,control,crossover,,,,,,,,,,,,FALSE,15,15,,,,,,,unclear,,,,,,,,,,,,,,5,2014,15,,,,,,,15,15,,,,,,,,,,,FALSE,Positive Hedges' g favors the breathing intervention,1
Guimard2014,metadata_only,none,2014,Guimard,Crossover,France,J Strength Cond Res,Acute apnea swimming: Metabolic responses and performance,Swimming,swimming,competitive,15,21.9,0.9,100,breath holding/apnea,normal breathing,crossover,,,,,,,,,,,,FALSE,15,15,,,,,,,unclear,,,,,,,,,,,,,,6,2014,15,,,,,,,15,15,,,,,,,,,,,FALSE,Positive Hedges' g favors the breathing intervention,1
Malakhov2014,efficacy_outcome,additional,2014,Malakhov,Crossover,Russia,Asian J Sports Med.,The Influence of Different Modes of Ventilation on Standing Balance of Athletes,"Field athletics, team sports",mixed/various sports,competitive,66,19.8,1.0,44,hyperventilation,quiet breath,crossover,performance,S (mm2),post-exercise,TRUE,38,386.7,245.6,38,76.22,34.15,,TRUE,38,28,,,,,,,unclear,,,,,,,,,,,,,,7,2014,66,38,386.7,245.6,38,76.22,34.15,38,28,,,,,,,,,s (mm2),FALSE,TRUE,Hedges' g multiplied by -1 so positive values favor the breathing intervention,-1
Malakhov2014,efficacy_outcome,primary,2014,Malakhov,Crossover,Russia,Asian J Sports Med.,The Influence of Different Modes of Ventilation on Standing Balance of Athletes,"Field athletics, team sports",mixed/various sports,competitive,66,19.8,1.0,44,hyperventilation,quiet breath,crossover,Performance,"Mean velocity of CP displacement (V, mm/s)",Post-exercise,TRUE,38,37.76,29.00,38,7.06,1.68,,TRUE,38,28,,,,,,,unclear,,,,,,,,,,,,,,8,2014,66,38,37.76,29,38,7.06,1.68,38,28,,,,,,,,,"mean velocity of cp displacement (v, mm/s)",TRUE,TRUE,Hedges' g multiplied by -1 so positive values favor the breathing intervention,-1
Jacob2015,metadata_only,none,2015,Jacob,Crossover,,Science & Sports,Pre-exercise hyperventilation can significantly increase performance,Swimming,swimming,competitive,14,,,,voluntary hyperventilation,normal breathing,crossover,,,,,,,,,,,,FALSE,14,14,,,,,,,unclear,,,,,,,,,,,,,,9,2015,14,,,,,,,14,14,,,,,,,,,,,FALSE,Positive Hedges' g favors the breathing intervention,1
Sakamoto2015,efficacy_outcome,primary,2015,Sakamoto,Crossover,Japan,Eur J Appl Physiol,Hyperventilation-induced respiratory alkalosis falls short of countering fatigue,Resistance training,resistance/strength,competitive,15,21.2,3.7,73,hyperventilation,control,crossover,Performance,Peak Torque 60/s (Nm),Pre-exercise,FALSE,15,237.1,56.8,15,234.0,58.4,,TRUE,15,15,,,,,,,unclear,,,,,,,,,,,,,,10,2015,15,15,237.1,56.8,15,234,58.4,15,15,,,,,,,,,peak torque 60/s (nm),FALSE,FALSE,Positive Hedges' g favors the breathing intervention,1
Stavrou2015,efficacy_outcome,additional,2015,Stavrou,RCT,Greece,J Hum Kinet,Yogic breathing practices improve lung functions of competitive young swimmers,Fin-swimming,swimming,competitive,28,,,50,intermittent breath holding,self-selected breathing frequency,parallel,physiological,FVC,post-training,FALSE,14,4.3,0.7,14,2.9,0.5,,TRUE,14,14,0,0,,,,,unclear,,,,,,,,,,,,,,11,2015,28,14,4.3,0.7,14,2.9,0.5,14,14,0,0,,,,,,,fvc,FALSE,FALSE,Positive Hedges' g favors the breathing intervention,1
Stavrou2015,efficacy_outcome,primary,2015,Stavrou,RCT,Greece,J Hum Kinet,Yogic breathing practices improve lung functions of competitive young swimmers,Fin-swimming,swimming,competitive,28,,,50,intermittent breath holding,self-selected breathing frequency,parallel,Physiological,FEV1,Post-training (16 weeks),FALSE,14,4.1,0.8,14,3.8,0.8,SD assumed,TRUE,14,14,0,0,,,,,unclear,,,,,,,,,,,,,,12,2015,28,14,4.1,0.8,14,3.8,0.8,14,14,0,0,,,,,,,fev1,FALSE,FALSE,Positive Hedges' g favors the breathing intervention,1
Fujii2015,metadata_only,none,2015,Fujii,Crossover,Japan,Eur J Appl Physiol,Effect of voluntary hypocapnic hyperventilation on the metabolic response,Cycling,cycling,unclear,11,,,,voluntary hyperventilation,control,crossover,,,,,,,,,,,,FALSE,11,11,,,,,,,unclear,,,,,,,,,,,,,,13,2015,11,,,,,,,11,11,,,,,,,,,,,FALSE,Positive Hedges' g favors the breathing intervention,1
Woorons2016,metadata_only,none,2016,Woorons,RCT,France,Med Sci Sports Exerc,Hypoventilation Training at Supramaximal Intensity Improves Swimming Performance,Swimming,swimming,competitive,16,,,75,hypoventilation (VHL),normal breathing (CONT),parallel,,,,,,,,,,,,FALSE,8,8,0,1,,,One dropout in CONT due to inability to breathe through snorkel.,,unclear,,,,,,,,,,,,,,14,2016,16,,,,,,,8,8,0,1,,,,,,,,,FALSE,Positive Hedges' g favors the breathing intervention,1
Hakked2017,efficacy_outcome,primary,2017,Hakked,RCT,India,J Ayurveda Integr Med,Yogic breathing practices improve lung functions of competitive young swimmers,Swimming,swimming,competitive,30,,,,pranayama/yogic breathing,usual training,parallel,Physiological,Maximum Voluntary Ventilation (MVV),Post (30 days),FALSE,14,3.54,0.88,13,3.08,0.86,,TRUE,15,15,1,2,100,100,,,unclear,,,,,,,,,,,,,,15,2017,30,14,3.54,0.88,13,3.08,0.86,15,15,1,2,,,,,,,maximum voluntary ventilation (mvv),FALSE,FALSE,Positive Hedges' g favors the breathing intervention,1
Kacoglu2017,efficacy_outcome,primary,2017,Kacoglu,Crossover,Turkey,Eur J Hum Mov,The Acute Effects of Hyperventilation on Jumping and Sprinting Performance,Jumping and sprinting,running,healthy active,14,,,,hyperventilation,normal ventilation,crossover,Performance,10-m sprint time (s),Post-exercise,TRUE,14,1.94,0.11,14,1.92,0.11,,TRUE,14,14,,,,,,,unclear,,,,,,,,,,,,,,16,2017,14,14,1.94,0.11,14,1.92,0.11,14,14,,,,,,,,,10-m sprint time (s),TRUE,TRUE,Hedges' g multiplied by -1 so positive values favor the breathing intervention,-1
Pelka2017,metadata_only,none,2017,Pelka,Crossover,Germany,J Sports Sci,Acute effects of psychological relaxation techniques,Sprinting,running,competitive,27,25.22,1.08,70,slow-paced breathing,control,crossover,,,,,,,,,,,,FALSE,30,30,,,,,3 dropouts occurred during habituation.,Dropouts occurred during habituation (3 out of 30). 27 analysed.,unclear,,,,,,,,,,,,,,17,2017,27,,,,,,,30,30,,,,,,,,,,,FALSE,Positive Hedges' g favors the breathing intervention,1
Trincat2017,efficacy_outcome,primary,2017,Trincat,RCT,Switzerland,Int J Sports Physiol Perform,Repeated Sprint Training in Hypoxia Induced by Voluntary Hypoventilation in Swimming,Swimming,swimming,competitive,16,15.55,1.8,56,hypoventilation,normal breathing,parallel,Physiological,Time at SpO2 <= 88% (s),During test,TRUE,8,34,0.7,8,0,0,,FALSE,8,8,,,,,,,unclear,,,,,,,,,,,,,,18,2017,16,8,34,0.7,8,0,0,8,8,,,,,,,,,time at spo2 <= 88% (s),TRUE,TRUE,Hedges' g multiplied by -1 so positive values favor the breathing intervention,-1
Burtch2017,efficacy_outcome,additional,2017,Burtch,RCT,USA,J Strength Cond Res,Evidence of global respiratory muscle fatigue from a 2-minute swim race,Swimming,swimming,competitive,25,,,,controlled frequency breathing (CFB),stroke matched control,parallel,physiological,VO2max,post-training,FALSE,13,53,5,12,53,6,,TRUE,13,12,,,,,5 total dropouts.,"because of travel, illness, and failure to comply with required number of training sessions, only 20 subjects completed the final testing session.",yes,,25,,illness,"because of travel, illness, and failure to comply with required number of training sessions, only 20 subjects completed",,,,,,,,,19,2017,25,13,53,5,12,53,6,13,12,,,,,,,,25,vo2max,FALSE,FALSE,Positive Hedges' g favors the breathing intervention,1
Burtch2017,efficacy_outcome,primary,2017,Burtch,RCT,USA,J Strength Cond Res,Evidence of global respiratory muscle fatigue from a 2-minute swim race,Swimming,swimming,competitive,25,,,,controlled frequency breathing (CFB),stroke matched control,parallel,Performance,200-yard time trial (s),Post-training,TRUE,13,114,7,12,115,7,,TRUE,13,12,,,,,5 total dropouts.,"because of travel, illness, and failure to comply with required number of training sessions, only 20 subjects completed the final testing session.",yes,,25,,illness,"because of travel, illness, and failure to comply with required number of training sessions, only 20 subjects completed",,,,,,,,,20,2017,25,13,114,7,12,115,7,13,12,,,,,,,,25,200-yard time trial (s),TRUE,TRUE,Hedges' g multiplied by -1 so positive values favor the breathing intervention,-1
Woorons2017,efficacy_outcome,additional,2017,Woorons,Crossover,France,Eur J Appl Physiol,Acute effects of repeated cycling sprints in hypoxia induced by voluntary hypoventilation,Cycling,cycling,competitive,9,27.2,9.3,89,hypoventilation (RSH-VHL),normal breathing (RSN),crossover,physiological,Breathing frequency,during exercise,FALSE,9,44.5,5.8,9,58.4,17.0,,TRUE,9,9,,,,,,,unclear,,,,,,,,,,,,,,21,2017,9,9,44.5,5.8,9,58.4,17,9,9,,,,,,,,,breathing frequency,FALSE,FALSE,Positive Hedges' g favors the breathing intervention,1
Woorons2017,efficacy_outcome,primary,2017,Woorons,Crossover,France,Eur J Appl Physiol,Acute effects of repeated cycling sprints in hypoxia induced by voluntary hypoventilation,Cycling,cycling,competitive,9,27.2,9.3,89,hypoventilation (RSH-VHL),normal breathing (RSN),crossover,Physiological,Tidal Volume (Vt) S1 (L),During exercise,FALSE,9,2.50,0.5,9,2.34,0.7,,TRUE,9,9,,,,,,,unclear,,,,,,,,,,,,,,22,2017,9,9,2.5,0.5,9,2.34,0.7,9,9,,,,,,,,,tidal volume (vt) s1 (l),FALSE,FALSE,Positive Hedges' g favors the breathing intervention,1
FornasierSantos2018,efficacy_outcome,additional,2018,Fornasier-Santos,RCT,France,Eur J Sport Sci,Repeated-sprint training in hypoxia induced by voluntary hypoventilation,Rugby,team sports,competitive,35,,,100,hypoventilation (VHL),normal breathing (RSN),parallel,performance,RV,post-training,FALSE,11,7.07,0.3,10,7.13,0.37,,TRUE,,,,,,,14 subjects did not complete.,14 subjects did not complete,yes,,35,,"Injuries during matches, illness","Injuries during matches, illness",,,,,,,,,23,2018,35,11,7.07,0.3,10,7.13,0.37,,,,,,,,,,35,rv,FALSE,FALSE,Positive Hedges' g favors the breathing intervention,1
Gray2018,efficacy_outcome,additional,2018,Gray,Crossover,,J Swimming Research,Effects of deep-breathing protocols on swimming performance,Swimming,swimming,competitive,7,,,0,slow-paced breathing (30s),no deep breathing,crossover,physiological,Blood lactate,post-exercise,TRUE,7,3.8,1.06,7,2.9,1.58,,TRUE,7,7,,,,,,,unclear,,,,,,,,,,,,,,24,2018,7,7,3.8,1.06,7,2.9,1.58,7,7,,,,,,,,,blood lactate,TRUE,TRUE,Hedges' g multiplied by -1 so positive values favor the breathing intervention,-1
Gray2018,efficacy_outcome,primary,2018,Gray,Crossover,,J Swimming Research,Effects of deep-breathing protocols on swimming performance,Swimming,swimming,competitive,7,,,0,slow-paced breathing (30s),no deep breathing,crossover,Performance,50-yard freestyle time (s),Post-exercise,TRUE,7,1.77,0.10,7,1.75,0.12,,TRUE,7,7,,,,,,,unclear,,,,,,,,,,,,,,25,2018,7,7,1.77,0.1,7,1.75,0.12,7,7,,,,,,,,,50-yard freestyle time (s),TRUE,TRUE,Hedges' g multiplied by -1 so positive values favor the breathing intervention,-1
Lim2018,efficacy_outcome,additional,2018,Lim,Crossover,Canada,Eur J Appl Physiol,Physiological resolution of periodic breath holding during heavy-intensity Fartlek exercise,Cycling,cycling,recreational,10,24,3,100,breath holding (CONT-BH),free-breathing (CONT),crossover,physiological,VCO2p,post-exercise,FALSE,10,2.29,0.64,10,2.30,0.55,,TRUE,10,10,,,,,,,unclear,,,,,,,,,,,,,,26,2018,10,10,2.29,0.64,10,2.3,0.55,10,10,,,,,,,,,vco2p,FALSE,FALSE,Positive Hedges' g favors the breathing intervention,1
Lim2018,efficacy_outcome,primary,2018,Lim,Crossover,Canada,Eur J Appl Physiol,Physiological resolution of periodic breath holding during heavy-intensity Fartlek exercise,Cycling,cycling,recreational,10,24,3,100,breath holding (CONT-BH),free-breathing (CONT),crossover,Physiological,VO2p (L/min),Post-exercise,FALSE,10,2.15,0.42,10,2.11,0.38,,TRUE,10,10,,,,,,,unclear,,,,,,,,,,,,,,27,2018,10,10,2.15,0.42,10,2.11,0.38,10,10,,,,,,,,,vo2p (l/min),FALSE,FALSE,Positive Hedges' g favors the breathing intervention,1
Sakamoto2018,efficacy_outcome,additional,2018,Sakamoto,Crossover,Japan,J Strength Cond Res,Effects of hyperventilation on repeated pedaling sprint performance,Cycling,cycling,competitive,17,,,88,hyperventilation short (HVshort),control,crossover,physiological,VE,during exercise,FALSE,15,153.1,27.0,15,73.6,16.6,,TRUE,17,17,,,,,2 dropouts due to transducer error.,2 subjects were excluded from the data set because of a transducer error.,unclear,,,,,,,,,,,,,,28,2018,17,15,153.1,27,15,73.6,16.6,17,17,,,,,,,,,ve,FALSE,FALSE,Positive Hedges' g favors the breathing intervention,1
Sakamoto2018,efficacy_outcome,primary,2018,Sakamoto,Crossover,Japan,J Strength Cond Res,Effects of hyperventilation on repeated pedaling sprint performance,Cycling,cycling,competitive,17,,,88,hyperventilation short (HVshort),control,crossover,Physiological,VO2 (ml/min) SP1,During exercise,FALSE,15,1767.5,214.6,15,1692.0,218.8,,TRUE,17,17,,,,,2 dropouts due to transducer error.,2 subjects were excluded from the data set because of a transducer error.,unclear,,,,,,,,,,,,,,29,2018,17,15,1767.5,214.6,15,1692,218.8,17,17,,,,,,,,,vo2 (ml/min) sp1,FALSE,FALSE,Positive Hedges' g favors the breathing intervention,1
Fernandez2019,metadata_only,none,2019,Fernandez,Observational,Spain,Front Physiol,SaO2 Recovery in Freedivers,Freediving,freediving,competitive,25,,,100,breath holding,fast recovery,observational,,,,,,,,,,,,FALSE,25,,,,,,,,unclear,,,,,,,,,,,,,,30,2019,25,,,,,,,25,,,,,,,,,,,,FALSE,Positive Hedges' g favors the breathing intervention,1
Laborde2019,efficacy_outcome,additional,2019,Laborde,Crossover,Germany,Front Psychol,Influence of slow-paced breathing on inhibition after physical exertion,Burpees,non-sport exercise/performance,healthy active,120,25.57,2.52,58,slow-paced breathing,watching TV documentary,crossover,cognitive,Stroop errors,post-intervention,TRUE,60,0.50,0.70,60,0.81,0.86,,TRUE,60,60,,,,,ECG data lost for 13 participants in Exp 2.,"Due to technical problems, the ECG data of the last 13 participants of Experiment 2 were lost",unclear,,,,,,,,,,,,,,31,2019,120,60,0.5,0.7,60,0.81,0.86,60,60,,,,,,,,,stroop errors,FALSE,TRUE,Hedges' g multiplied by -1 so positive values favor the breathing intervention,-1
Laborde2019,efficacy_outcome,primary,2019,Laborde,Crossover,Germany,Front Psychol,Influence of slow-paced breathing on inhibition after physical exertion,Burpees,non-sport exercise/performance,healthy active,120,25.57,2.52,58,slow-paced breathing,watching TV documentary,crossover,Performance,Number of Burpees,Post-intervention,FALSE,60,64.27,11.54,60,63.00,11.64,,TRUE,60,60,,,,,ECG data lost for 13 participants in Exp 2.,"Due to technical problems, the ECG data of the last 13 participants of Experiment 2 were lost",unclear,,,,,,,,,,,,,,32,2019,120,60,64.27,11.54,60,63,11.64,60,60,,,,,,,,,number of burpees,TRUE,FALSE,Positive Hedges' g favors the breathing intervention,1
Woorons2019,efficacy_outcome,additional,2019,Woorons,Crossover,France,Int J Sports Med,Cerebral and Muscle Oxygenation during Repeated Shuttle Run Sprints with Hypoventilation,Shuttle run sprints,running,competitive,10,,,,hypoventilation,normal breathing,crossover,physiological,PETO2,during exercise,FALSE,10,109.9,3.6,10,114.6,3.6,,TRUE,10,10,,,,,,,unclear,,,,,,,,,,,,,,33,2019,10,10,109.9,3.6,10,114.6,3.6,10,10,,,,,,,,,peto2,FALSE,FALSE,Positive Hedges' g favors the breathing intervention,1
Woorons2019,efficacy_outcome,primary,2019,Woorons,Crossover,France,Int J Sports Med,Cerebral and Muscle Oxygenation during Repeated Shuttle Run Sprints with Hypoventilation,Shuttle run sprints,running,competitive,10,,,,hypoventilation,normal breathing,crossover,Physiological,SpO2,Post-test,FALSE,10,109.9,3.6,10,114.6,3.6,,TRUE,10,10,,,,,,,unclear,,,,,,,,,,,,,,34,2019,10,10,109.9,3.6,10,114.6,3.6,10,10,,,,,,,,,spo2,FALSE,FALSE,Positive Hedges' g favors the breathing intervention,1
Woorons2019b,efficacy_outcome,additional,2019,Woorons,RCT,France,Eur J Appl Physiol,Physiological adaptations to repeated sprint training in hypoxia,Cycling,cycling,competitive,18,34.6,11,100,hypoventilation (RSH-VHL),normal breathing (RSN),parallel,performance,RSA Sdec,post-training,FALSE,9,-8.2,7,9,-12.0,9,,TRUE,9,9,,,,,,,unclear,,,,,,,,,,,,,,35,2019,18,9,-8.2,7,9,-12,9,9,9,,,,,,,,,rsa sdec,FALSE,FALSE,Positive Hedges' g favors the breathing intervention,1
Woorons2019b,efficacy_outcome,primary,2019,Woorons,RCT,France,Eur J Appl Physiol,Physiological adaptations to repeated sprint training in hypoxia,Cycling,cycling,competitive,18,34.6,11,100,hypoventilation (RSH-VHL),normal breathing (RSN),parallel,Performance,RSA mean MPO (W),Post-training (3 weeks),FALSE,9,911,117,9,852,69,,TRUE,9,9,,,,,,,unclear,,,,,,,,,,,,,,36,2019,18,9,911,117,9,852,69,9,9,,,,,,,,,rsa mean mpo (w),FALSE,FALSE,Positive Hedges' g favors the breathing intervention,1
Bouten2020,metadata_only,none,2020,Bouten,Crossover,Belgium,Med Sci Sports Exerc,Acute Apnea Does Not Improve 3-km Cycling Time Trial Performance,Cycling,cycling,competitive,11,22.1,1.5,,breath holding/apnea,placebo/control,crossover,,,,,,,,,,,,FALSE,11,11,,,,,,,unclear,,,,,,,,,,,,,,37,2020,11,,,,,,,11,11,,,,,,,,,,,FALSE,Positive Hedges' g favors the breathing intervention,1
Lapointe2020,efficacy_outcome,additional,2020,Lapointe,RCT,Canada,Front Sports Act Living,Impact of repeated-sprint training with voluntary hypoventilation on repeated-sprint ability,Basketball,team sports,competitive,17,22.3,1.2,71,hypoventilation (VHL),normal breathing (CTL),parallel,performance,VIFT,post-training,FALSE,7,18.78,1.68,6,18.63,1.75,,TRUE,9,8,2,2,,,,,yes,1,17,,unrelated injury,1 due to unrelated injury,,,,,,,,,38,2020,17,7,18.78,1.68,6,18.63,1.75,9,8,2,2,,,,,1,17,vift,FALSE,FALSE,Positive Hedges' g favors the breathing intervention,1
Lapointe2020,efficacy_outcome,primary,2020,Lapointe,RCT,Canada,Front Sports Act Living,Impact of repeated-sprint training with voluntary hypoventilation on repeated-sprint ability,Basketball,team sports,competitive,17,22.3,1.2,71,hypoventilation (VHL),normal breathing (CTL),parallel,Performance,RSASdec (%),Post-training (4 weeks),TRUE,7,5.49,2.70,6,6.46,2.50,,TRUE,9,8,2,2,,,,,yes,1,17,,unrelated injury,1 due to unrelated injury,,,,,,,,,39,2020,17,7,5.49,2.7,6,6.46,2.5,9,8,2,2,,,,,1,17,rsasdec (%),TRUE,TRUE,Hedges' g multiplied by -1 so positive values favor the breathing intervention,-1
Robertson2020,efficacy_outcome,additional,2020,Robertson,Crossover,UK,J Strength Cond Res,Effects of pre-race apneas on 400-m freestyle swimming performance,Swimming,swimming,competitive,9,19,1.5,67,pre-race apneas (WUAP),control (CON),crossover,physiological,Blood lactate,post-time-trial,TRUE,10,9.52,2.12,10,9.84,3.67,,TRUE,10,10,,,,,,,unclear,,,,,,,,,,,,,,40,2020,9,10,9.52,2.12,10,9.84,3.67,10,10,,,,,,,,,blood lactate,TRUE,TRUE,Hedges' g multiplied by -1 so positive values favor the breathing intervention,-1
Robertson2020,efficacy_outcome,primary,2020,Robertson,Crossover,UK,J Strength Cond Res,Effects of pre-race apneas on 400-m freestyle swimming performance,Swimming,swimming,competitive,9,19,1.5,67,pre-race apneas (WUAP),control (CON),crossover,Performance,400-m freestyle time (s),Post-exercise,TRUE,10,275.79,12.88,10,278.66,13.31,,TRUE,10,10,,,,,,,unclear,,,,,,,,,,,,,,41,2020,9,10,275.79,12.88,10,278.66,13.31,10,10,,,,,,,,,400-m freestyle time (s),TRUE,TRUE,Hedges' g multiplied by -1 so positive values favor the breathing intervention,-1
Sakamoto2020,metadata_only,none,2020,Sakamoto,Crossover,Japan,J Strength Cond Res,Hyperventilation-aided recovery for extra repetitions on bench press and leg press,"Bench press, leg press",resistance/strength,competitive,11,22.5,4.3,100,hyperventilation,spontaneous breathing,crossover,,,,,,,,,,,,FALSE,11,11,,,,,,,no,0,11,0,,"No subjects reported discomfort sensations related to HV (dizziness, paresthesia, or discomfort in the chest) during the experiment.",0,11,0,11,,0,0,"No subjects reported discomfort sensations related to HV (dizziness, paresthesia, or discomfort in the chest) during the experiment.",42,2020,11,,,,,,,11,11,,,0,11,0,11,0,11,,,FALSE,Positive Hedges' g favors the breathing intervention,1
Woorons2020,metadata_only,none,2020,Woorons,RCT,France,Int J Sports Physiol Perform,Transferable benefits of cycle hypoventilation training,Team sports,team sports,competitive,16,,,,hypoventilation,normal breathing,parallel,,,,,,,,,,,,FALSE,,,,,,,,,unclear,,,,,,,,,,,,,,43,2020,16,,,,,,,,,,,,,,,,,,,FALSE,Positive Hedges' g favors the breathing intervention,1
Bahensky2021,efficacy_outcome,additional,2021,Bahensky,RCT,Czech Republic,J. Clin. Med.,Impact of a Breathing Intervention on Engagement,Unclear,non-sport exercise/performance,unclear,46,,,,yoga-based breathing,normal training,parallel,physiological,Subclavian pressure,post-training,FALSE,22,2.83,0.88,23,2.98,1.35,,TRUE,23,23,1,0,,,,One participant did not complete the intervention for medical reasons unrelated to the intervention and was excluded,yes,1,46,,medical reasons,One participant did not complete the intervention for medical reasons unrelated to the intervention,,,,,,,,,44,2021,46,22,2.83,0.88,23,2.98,1.35,23,23,1,0,,,,,1,46,subclavian pressure,FALSE,FALSE,Positive Hedges' g favors the breathing intervention,1
Bahensky2021,efficacy_outcome,primary,2021,Bahensky,RCT,Czech Republic,J. Clin. Med.,Impact of a Breathing Intervention on Engagement,Unclear,non-sport exercise/performance,unclear,46,,,,yoga-based breathing,normal training,parallel,Physiological,Abdominal pressure at 3W/kg,Post (8 weeks),FALSE,22,2.83,0.88,23,1.42,0.52,,TRUE,23,23,1,0,,,,One participant did not complete the intervention for medical reasons unrelated to the intervention and was excluded,yes,1,46,,medical reasons,One participant did not complete the intervention for medical reasons unrelated to the intervention,,,,,,,,,45,2021,46,22,2.83,0.88,23,1.42,0.52,23,23,1,0,,,,,1,46,abdominal pressure at 3w/kg,FALSE,FALSE,Positive Hedges' g favors the breathing intervention,1
Citherlet2021,efficacy_outcome,additional,2021,Citherlet,Crossover,Switzerland,Frontiers in Sports and Active Living,Wim Hof breathing method,Repeated sprinting,running,competitive,16,,,,Wim Hof breathing method,spontaneous breathing,crossover,physiological,SpO2,acute pre-exercise,FALSE,15,99,0,15,97,1,,FALSE,16,16,,,,,1 dropout due to injury.,1 participant was excluded because of a muscular injury,yes,1,16,,muscular injury,1 participant was excluded because of a muscular injury (in the lower limb during the first sprint),,,,,,,,,46,2021,16,15,99,0,15,97,1,16,16,,,,,,,1,16,spo2,FALSE,FALSE,Positive Hedges' g favors the breathing intervention,1
Dobashi2021,metadata_only,none,2021,Dobashi,Crossover,Japan,Eur J Sport Sci,Voluntary hypocapnic hyperventilation lasting 5 min and 20 min similarly reduce aerobic metabolism,Cycling,cycling,mixed,11,24,2,91,voluntary hyperventilation,control,crossover,,,,,,,,,,,,FALSE,11,11,,,,,,,unclear,,,,,,,,,,,,,,47,2021,11,,,,,,,11,11,,,,,,,,,,,FALSE,Positive Hedges' g favors the breathing intervention,1
Grossman2021,efficacy_outcome,additional,2021,Grossman,Crossover,Canada,Front Physiol,Breath holding during heavy-intensity Fartlek exercise,Cycling,cycling,healthy active,10,23.7,2.5,100,breath holding (CONLD-BH),free-breathing (CONLD),crossover,physiological,VCO2,post-exercise,FALSE,10,2.43,0.70,10,2.55,0.65,,TRUE,10,10,,,,,,,unclear,,,,,,,,,,,,,,48,2021,10,10,2.43,0.7,10,2.55,0.65,10,10,,,,,,,,,vco2,FALSE,FALSE,Positive Hedges' g favors the breathing intervention,1
Grossman2021,efficacy_outcome,primary,2021,Grossman,Crossover,Canada,Front Physiol,Breath holding during heavy-intensity Fartlek exercise,Cycling,cycling,healthy active,10,23.7,2.5,100,breath holding (CONLD-BH),free-breathing (CONLD),crossover,Physiological,VO2 (L/min),Post-exercise,FALSE,10,2.20,0.45,10,2.24,0.40,,TRUE,10,10,,,,,,,unclear,,,,,,,,,,,,,,49,2021,10,10,2.2,0.45,10,2.24,0.4,10,10,,,,,,,,,vo2 (l/min),FALSE,FALSE,Positive Hedges' g favors the breathing intervention,1
Taylor2021,efficacy_outcome,additional,2021,Buchanan,Crossover,USA,Human Movement Science,Fast breathing facilitates reaction time and movement time of a memory-guided force pulse,Memory-guided force pulse,non-sport exercise/performance,healthy active,47,21.3,2.8,36,fast-paced breathing,slow-paced breathing,crossover,performance,NMT,during task,TRUE,47,281.83,226.50,47,303.28,225.36,,TRUE,47,47,,,,,,,unclear,,,,,,,,,,,,,,50,2021,47,47,281.83,226.5,47,303.28,225.36,47,47,,,,,,,,,nmt,FALSE,TRUE,Hedges' g multiplied by -1 so positive values favor the breathing intervention,-1
Taylor2021,efficacy_outcome,primary,2021,Buchanan,Crossover,USA,Human Movement Science,Fast breathing facilitates reaction time and movement time of a memory-guided force pulse,Memory-guided force pulse,non-sport exercise/performance,healthy active,47,21.3,2.8,36,fast-paced breathing,slow-paced breathing,crossover,Performance,Reaction Time (RT) (ms),During task,TRUE,47,694.10,266.68,47,783.61,339.63,,TRUE,47,47,,,,,,,unclear,,,,,,,,,,,,,,51,2021,47,47,694.1,266.68,47,783.61,339.63,47,47,,,,,,,,,reaction time (rt) (ms),TRUE,TRUE,Hedges' g multiplied by -1 so positive values favor the breathing intervention,-1
Vaidya2021,metadata_only,none,2021,Vaidya,RCT,India,Int J Yoga Therapy,Effect of Yoga on Performance and Physical Fitness in Cricket Bowlers,Cricket,team sports,competitive,30,,,,yoga-based breathing,control,parallel,,,,,,,,,,,,FALSE,,,,,,,,,unclear,,,,,,,,,,,,,,52,2021,30,,,,,,,,,,,,,,,,,,,FALSE,Positive Hedges' g favors the breathing intervention,1
Brocherie2022,metadata_only,none,2022,Brocherie,RCT,France,Int J Sports Sci Coach,Effects of a 5-week off-ice repeated-sprint training with voluntary hypoventilation,Ice hockey,team sports,elite,43,16.7,1.5,100,hypoventilation (VHL),normal breathing (RSN),parallel,,,,,,,,,,,,FALSE,43,,,,,,,8 dropouts total.,yes,3,43,,injuries,Eight out of the 43 subjects were unable to complete the protocol due to injuries (n=3),,,,,,,,,53,2022,43,,,,,,,43,,,,,,,,3,43,,,FALSE,Positive Hedges' g favors the breathing intervention,1
Conlon2022,efficacy_outcome,additional,2022,Conlon,RCT,UK,,The effects of breathing techniques on pressurized performance and stress-responses,Shooting,mixed/various sports,competitive,67,,,,slow diaphragmatic breathing,paced breathing (12 cpm),parallel,physiological,RMSSD,post-intervention,FALSE,22,67.55,42.19,21,61.29,28.05,,TRUE,23,44,1,2,,,,,unclear,,,,,,,,,,,,,,54,2022,67,22,67.55,42.19,21,61.29,28.05,23,44,1,2,,,,,,,rmssd,FALSE,FALSE,Positive Hedges' g favors the breathing intervention,1
Conlon2022,efficacy_outcome,primary,2022,Conlon,RCT,UK,,The effects of breathing techniques on pressurized performance and stress-responses,Shooting,mixed/various sports,competitive,67,,,,slow diaphragmatic breathing,paced breathing (12 cpm),parallel,Performance,Shooting Accuracy,Post-intervention (Pressure test),FALSE,23,32.30,20.27,23,35.91,16.21,,TRUE,23,44,1,2,,,,,unclear,,,,,,,,,,,,,,55,2022,67,23,32.3,20.27,23,35.91,16.21,23,44,1,2,,,,,,,shooting accuracy,FALSE,FALSE,Positive Hedges' g favors the breathing intervention,1
Marko2022,efficacy_outcome,additional,2022,Marko,Before-after,Czech Republic,J. Clin. Med.,Does Wim Hof Method Improve Breathing Economy during Exercise?,Cycling,cycling,healthy active,23,,,,Wim Hof Method,baseline,crossover,physiological,VT,post-test,FALSE,11,1.67,0.25,11,1.66,0.27,,TRUE,23,,,,,,,,unclear,,,,,,,,,,,,,,56,2022,23,11,1.67,0.25,11,1.66,0.27,23,,,,,,,,,,vt,FALSE,FALSE,Positive Hedges' g favors the breathing intervention,1
Marko2022,efficacy_outcome,primary,2022,Marko,Before-after,Czech Republic,J. Clin. Med.,Does Wim Hof Method Improve Breathing Economy during Exercise?,Cycling,cycling,healthy active,23,,,,Wim Hof Method,baseline,crossover,Physiological,VE,Post-test,FALSE,11,70.68,22.52,11,65.01,22.16,,TRUE,23,,,,,,,,unclear,,,,,,,,,,,,,,57,2022,23,11,70.68,22.52,11,65.01,22.16,23,,,,,,,,,,ve,FALSE,FALSE,Positive Hedges' g favors the breathing intervention,1
You2023,efficacy_outcome,additional,2023,You,Crossover,France,Applied Psychophysiology and Biofeedback,Single slow-paced Breathing Session at six cycles per minute,Unclear,non-sport exercise/performance,healthy active,78,22.32,2.11,71,slow-paced breathing (6 cpm),usual breathing,crossover,physiological,SDNN,post-intervention,FALSE,75,141.37,45.35,75,98.23,40.70,,TRUE,78,78,,,,,3 dropouts total.,,unclear,,,,,,,,,,,,,,58,2023,78,75,141.37,45.35,75,98.23,40.7,78,78,,,,,,,,,sdnn,FALSE,FALSE,Positive Hedges' g favors the breathing intervention,1
You2023,efficacy_outcome,primary,2023,You,Crossover,France,Applied Psychophysiology and Biofeedback,Single slow-paced Breathing Session at six cycles per minute,Unclear,non-sport exercise/performance,healthy active,78,22.32,2.11,71,slow-paced breathing (6 cpm),usual breathing,crossover,Physiological,RMSSD (ms),Post-intervention,FALSE,75,97.62,43.81,75,62.84,35.96,,TRUE,78,78,,,,,3 dropouts total.,,unclear,,,,,,,,,,,,,,59,2023,78,75,97.62,43.81,75,62.84,35.96,78,78,,,,,,,,,rmssd (ms),FALSE,FALSE,Positive Hedges' g favors the breathing intervention,1
Braham2024,metadata_only,none,2024,Braham,RCT,France,Int J Sports Physiol Perform,Effects of a 6-Week Repeated-Sprint Training With Voluntary Hypoventilation,Soccer,team sports,competitive,16,,,0,hypoventilation (VHL),normal breathing (RSN),parallel,,,,,,,,,,,,FALSE,,,,,,,,,unclear,,,,,,,,,,,,,,60,2024,16,,,,,,,,,,,,,,,,,,,FALSE,Positive Hedges' g favors the breathing intervention,1
Buxton2024,metadata_only,none,2024,Buxton,Crossover,USA,J Hum Kinet,The Effects of Slow Breathing during Inter-Set Recovery on Power Performance in the Barbell Back Squat,Back squat,resistance/strength,recreational,18,20.7,1.4,100,slow-paced breathing (4-7-8 method),control,crossover,,,,,,,,,,,,FALSE,18,18,,,,,,,unclear,,,,,,,,,,,,,,61,2024,18,,,,,,,18,18,,,,,,,,,,,FALSE,Positive Hedges' g favors the breathing intervention,1
Li2024,efficacy_outcome,additional,2024,Li,Crossover,China,Healthcare,The Impact of Starting Positions and Breathing Rhythms on Cardiopulmonary Stress,Burpees,non-sport exercise/performance,healthy active,30,19.6,1.2,82,regulated breathing (Rhythm+Stand),free breathing (Free+Stand),crossover,physiological,Average POCR,post-exercise,FALSE,22,14.3,1.28,22,11.0,0.93,,TRUE,30,30,,,,,8 dropouts total.,Participants Exclusion (n=3) Have musculoskeletal injury... Lost Follow up (n=5),yes,1,30,,respiratory-related illnesses,Lost Follow up (n=5)... Get respiratory-related illnesses: n=1,,,,,,,,,62,2024,30,22,14.3,1.28,22,11,0.93,30,30,,,,,,,1,30,average pocr,FALSE,FALSE,Positive Hedges' g favors the breathing intervention,1
Li2024,efficacy_outcome,primary,2024,Li,Crossover,China,Healthcare,The Impact of Starting Positions and Breathing Rhythms on Cardiopulmonary Stress,Burpees,non-sport exercise/performance,healthy active,30,19.6,1.2,82,regulated breathing (Rhythm+Stand),free breathing (Free+Stand),crossover,Physiological,Average Heart Rate (bpm),During exercise,TRUE,22,94.9,3.80,22,84.4,4.82,,TRUE,30,30,,,,,8 dropouts total.,Participants Exclusion (n=3) Have musculoskeletal injury... Lost Follow up (n=5),yes,1,30,,respiratory-related illnesses,Lost Follow up (n=5)... Get respiratory-related illnesses: n=1,,,,,,,,,63,2024,30,22,94.9,3.8,22,84.4,4.82,30,30,,,,,,,1,30,average heart rate (bpm),TRUE,TRUE,Hedges' g multiplied by -1 so positive values favor the breathing intervention,-1
Merlin2024,efficacy_outcome,additional,2024,Merlin,RCT,France,J Funct Morphol Kinesiol,Psychophysiological Effects of Slow-Paced Breathing on Adolescent Swimmers,Swimming,swimming,elite,13,13.9,0.38,38,slow-paced breathing,control,parallel,psychological,Total recovery,post-intervention,FALSE,7,4.96,1.12,6,5.14,1.06,,TRUE,7,6,,,,,,,unclear,,,,,,,,,,,,,,64,2024,13,7,4.96,1.12,6,5.14,1.06,7,6,,,,,,,,,total recovery,FALSE,FALSE,Positive Hedges' g favors the breathing intervention,1
Rosa2024,metadata_only,none,2024,Rosa,Crossover,Portugal,,VHL during arm cycle ergometer,Arm cycle ergometer,non-sport exercise/performance,unclear,14,,,,hypoventilation (RS-VHL),normal breathing (RSN),crossover,,,,,,,,,,,,FALSE,14,14,,,,,,,unclear,,,,,,,,,,,,,,65,2024,14,,,,,,,14,14,,,,,,,,,,,FALSE,Positive Hedges' g favors the breathing intervention,1
Sikora2024,efficacy_outcome,additional,2024,Sikora,Observational,Poland,Sci Rep,Differences between diaphragmatic and abdominal breathing patterns in spirometric,Unclear,mixed/various sports,competitive,69,,,,diaphragmatic breathing,thoracic breathing,observational,physiological,FEV1,baseline,FALSE,38,5.13,1.01,22,4.14,0.88,,TRUE,38,22,,,,,,,unclear,,,,,,,,,,,,,,66,2024,69,38,5.13,1.01,22,4.14,0.88,38,22,,,,,,,,,fev1,FALSE,FALSE,Positive Hedges' g favors the breathing intervention,1
Sikora2024,efficacy_outcome,primary,2024,Sikora,Observational,Poland,Sci Rep,Differences between diaphragmatic and abdominal breathing patterns in spirometric,Unclear,mixed/various sports,competitive,69,,,,diaphragmatic breathing,thoracic breathing,observational,Physiological,Vital Capacity (VC) (L),Baseline,FALSE,38,5.495,1.13,22,4.05,0.95,,TRUE,38,22,,,,,,,unclear,,,,,,,,,,,,,,67,2024,69,38,5.495,1.13,22,4.05,0.95,38,22,,,,,,,,,vital capacity (vc) (l),FALSE,FALSE,Positive Hedges' g favors the breathing intervention,1
Woorons2024,efficacy_outcome,additional,2024,Woorons,RCT,France,Front Physiol,Hypoventilation training including maximal end-expiratory breath holding improves,Judo,combat sports,elite,20,20.6,2.5,50,hypoventilation (RSH-VHL),normal breathing (RSN),parallel,performance,Sdec,post-training,TRUE,9,20.4,6.5,8,24.4,4.2,,TRUE,10,10,1,2,,,,,unclear,,,,,,,,,,,,,,68,2024,20,9,20.4,6.5,8,24.4,4.2,10,10,1,2,,,,,,,sdec,FALSE,TRUE,Hedges' g multiplied by -1 so positive values favor the breathing intervention,-1
Woorons2024,efficacy_outcome,primary,2024,Woorons,RCT,France,Front Physiol,Hypoventilation training including maximal end-expiratory breath holding improves,Judo,combat sports,elite,20,20.6,2.5,50,hypoventilation (RSH-VHL),normal breathing (RSN),parallel,Performance,MPOmean(5-8) (W),Post-training 1,FALSE,9,266,67,8,246,64,,TRUE,10,10,1,2,,,,,unclear,,,,,,,,,,,,,,69,2024,20,9,266,67,8,246,64,10,10,1,2,,,,,,,mpomean(5-8) (w),FALSE,FALSE,Positive Hedges' g favors the breathing intervention,1
Deniz2025,efficacy_outcome,additional,2025,Deniz,Crossover,Turkey,"BMC Sports Science, Medicine and Rehabilitation",The effect of breathing strategy on lifted load during the bench press,Bench press,resistance/strength,recreational,12,27.92,7.38,100,exhalation,inhalation,crossover,physiological,Post-exercise SBP,post-exercise,TRUE,12,125.00,9.40,12,128.50,8.88,,TRUE,12,12,,,,,,,unclear,,,,,,,,,,,,,,70,2025,12,12,125,9.4,12,128.5,8.88,12,12,,,,,,,,,post-exercise sbp,FALSE,TRUE,Hedges' g multiplied by -1 so positive values favor the breathing intervention,-1
Deniz2025,efficacy_outcome,primary,2025,Deniz,Crossover,Turkey,"BMC Sports Science, Medicine and Rehabilitation",The effect of breathing strategy on lifted load during the bench press,Bench press,resistance/strength,recreational,12,27.92,7.38,100,exhalation,inhalation,crossover,Performance,Total Volume Lifted (kg),Post-exercise,FALSE,12,2410.42,395.06,12,2132.71,555.08,,TRUE,12,12,,,,,,,unclear,,,,,,,,,,,,,,71,2025,12,12,2410.42,395.06,12,2132.71,555.08,12,12,,,,,,,,,total volume lifted (kg),FALSE,FALSE,Positive Hedges' g favors the breathing intervention,1
Fernandez2025,efficacy_outcome,primary,2025,DeAs?s-Fern?ndez,Crossover,Spain,Sports,Effects of Hook Maneuver on Oxygen Saturation Recovery After -40 m Apnea Dive,Freediving,freediving,competitive,13,42,9,,hook breathing,usual breathing,crossover,Physiological,SpO2 at 30s (%),30s Post-apnea,FALSE,13,92,9,13,87,7.9,,TRUE,13,13,,,,,,,yes,5,14,1,pulmonary edema,One participant was eliminated... he had developed severe pulmonary edema... Four participants showed signs of mild pulmonary edema,4,13,4,13,mild pulmonary edema,4,4,"Four participants showed signs of mild pulmonary edema, after diving, coinciding in both protocols",72,2025,13,13,92,9,13,87,7.9,13,13,,,4,13,4,13,5,14,spo2 at 30s (%),FALSE,FALSE,Positive Hedges' g favors the breathing intervention,1
Fesseler2025,efficacy_outcome,primary,2025,Fesseler,Crossover,Germany,Experimental Physiology,The effect of pre-exercise hyperventilation on repeated high-intensity inclined sprint performance,Sprint intervals,running,recreational,36,24.0,1.8,50,pre-exercise hyperventilation,spontaneous breathing,crossover,Performance,Cumulative elevation gain (Sprint 1),Post-sprint,FALSE,36,-12.89,2.78,36,-12.27,2.44,,TRUE,36,36,,,,,,,unclear,,,,,,,,,,,,,,73,2025,36,36,-12.89,2.78,36,-12.27,2.44,36,36,,,,,,,,,cumulative elevation gain (sprint 1),FALSE,FALSE,Positive Hedges' g favors the breathing intervention,1
Fox2025,metadata_only,none,2025,Fox,RCT,Australia,Sci Rep,Wim Hof Method,General,non-sport exercise/performance,healthy active,404,37,9.95,44,Wim Hof Method,Meditation control,parallel,,,,,,,,,,,,FALSE,273,131,,,,,Total attrition 152. Daily intervention compliance 64.71%.,"A total of 556 participants enrolled in the study, with a final sample size of 404 participants",yes,1,556,,medical condition,"Attrition was due to a medical condition (1), travel, and conflicting time commitments.",,,,,,,,,74,2025,404,,,,,,,273,131,,,,,,,1,556,,,FALSE,Positive Hedges' g favors the breathing intervention,1
Kasap2025,efficacy_outcome,primary,2025,Kasap,Crossover,Turkey,PLoS One,Box breathing or six breaths per minute: Which strategy improves athletes post-HIIT cardiovascular recovery?,Cycle ergometer,cycling,healthy active,40,20.95,1.75,63,box breathing,6 bpm breathing,crossover,Physiological,Final Heart Rate (bpm),Post-exercise,TRUE,40,164.65,9.40,40,159.05,10.38,,TRUE,40,40,,,,,,,unclear,,,,,,,,,,,,,,75,2025,40,40,164.65,9.4,40,159.05,10.38,40,40,,,,,,,,,final heart rate (bpm),TRUE,TRUE,Hedges' g multiplied by -1 so positive values favor the breathing intervention,-1
Liapaki2025,metadata_only,none,2025,Liapaki,Crossover,Greece,J Hum Kinet,Apnea or normal breathing on physiological responses during HIIT,Running,running,competitive,15,24.7,3.1,,breath holding/apnea,normal breathing,crossover,,,,,,,,,,,,FALSE,15,15,,,,,,,unclear,,,,,,,,,,,,,,76,2025,15,,,,,,,15,15,,,,,,,,,,,FALSE,Positive Hedges' g favors the breathing intervention,1
Lorinczi2025,metadata_only,none,2025,Lorinczi,RCT,Slovakia,Int J Sports Physiol Perform,Additional Benefits of Repeated-Sprint Training With Prolonged End-Expiratory Breath Holding,Soccer,team sports,competitive,20,,,,breath holding/apnea (EEBH),normal breathing,parallel,,,,,,,,,,,,FALSE,,,,,,,,,unclear,,,,,,,,,,,,,,77,2025,20,,,,,,,,,,,,,,,,,,,FALSE,Positive Hedges' g favors the breathing intervention,1
Yilmaz2025,metadata_only,none,2025,Yilmaz,Other experimental,Turkey,Sci Rep,Evaluating bioenergetic pathway contributions,Wingate,cycling,healthy active,12,,,,voluntary hyperventilation,control,parallel,,,,,,,,,,,,FALSE,12,12,,,,,,,unclear,,,,,,,,,,,,,,78,2025,12,,,,,,,12,12,,,,,,,,,,,FALSE,Positive Hedges' g favors the breathing intervention,1
Chiron2026,efficacy_outcome,additional,2026,Chiron,RCT,France,J Strength Cond Res,Exploring the influence of coherent breathing on psychophysiological stress,Running,running,elite,22,22.3,3.0,68,slow-paced breathing (RELAX),control (CONT),parallel,physiological,Heart Rate,post-test,TRUE,11,55.97,8.32,11,55.75,6.11,,TRUE,11,11,,,,,,,unclear,,,,,,,,,,,,,,79,2026,22,11,55.97,8.32,11,55.75,6.11,11,11,,,,,,,,,heart rate,TRUE,TRUE,Hedges' g multiplied by -1 so positive values favor the breathing intervention,-1
Chiron2026,efficacy_outcome,primary,2026,Chiron,RCT,France,J Strength Cond Res,Exploring the influence of coherent breathing on psychophysiological stress,Running,running,elite,22,22.3,3.0,68,slow-paced breathing (RELAX),control (CONT),parallel,Physiological,RMSSD (ms),Post-test,FALSE,11,72.95,35.22,11,89.37,4.61,,TRUE,11,11,,,,,,,unclear,,,,,,,,,,,,,,80,2026,22,11,72.95,35.22,11,89.37,4.61,11,11,,,,,,,,,rmssd (ms),FALSE,FALSE,Positive Hedges' g favors the breathing intervention,1
Devipriya2026,efficacy_outcome,primary,2026,Devipriya,Before-after,India,Cureus,Evaluation of Immediate Changes in Reaction Time Following Bhramari Pranayama,Unclear,non-sport exercise/performance,healthy active,60,21.35,1.78,50,Bhramari Pranayama,within-subject baseline,crossover,Performance,Visual Reaction Time (VRT) Right Hand (ms),Post-session,TRUE,60,201.35,,60,223.67,,No dispersion reported,FALSE,60,60,,,,,,,unclear,,,,,,,,,,,,,,81,2026,60,60,201.35,,60,223.67,,60,60,,,,,,,,,visual reaction time (vrt) right hand (ms),TRUE,TRUE,Hedges' g multiplied by -1 so positive values favor the breathing intervention,-1
FernandezBarradas2026,efficacy_outcome,primary,2026,Fern?ndez-Barradas,Before-after,Mexico,Front. Sports Act. Living,Slow paced breathing and power posing: a pre-competitive ritual,American football,team sports,competitive,34,16.97,0.80,,slow-paced breathing,baseline,crossover,Psychological,Cognitive anxiety,Post-test,TRUE,34,16,,34,52.27,,No dispersion reported,FALSE,34,,,,,,,,unclear,,,,,,,,,,,,,,82,2026,34,34,16,,34,52.27,,34,,,,,,,,,,cognitive anxiety,TRUE,TRUE,Hedges' g multiplied by -1 so positive values favor the breathing intervention,-1
Iskra2026,efficacy_outcome,additional,2026,Iskra,Crossover,Germany,Psychophysiology,Fast-paced breathing,Unclear,non-sport exercise/performance,healthy active,58,,,,slow-paced breathing (6 CPM),paced breathing (15 CPM),crossover,physiological,PEP,during intervention,FALSE,38,114.46,11.16,38,116.17,11.75,,TRUE,58,58,,,,,20 dropouts/exclusions total.,Three participants were excluded from the main analysis due to technical issues... An additional 17 participants were excluded... yielding 38 final datasets.,unclear,,,,,,,,,,,,,,83,2026,58,38,114.46,11.16,38,116.17,11.75,58,58,,,,,,,,,pep,FALSE,FALSE,Positive Hedges' g favors the breathing intervention,1
Iskra2026,efficacy_outcome,primary,2026,Iskra,Crossover,Germany,Psychophysiology,Fast-paced breathing,Unclear,non-sport exercise/performance,healthy active,58,,,,slow-paced breathing (6 CPM),paced breathing (15 CPM),crossover,Physiological,RMSSD (ms),During intervention,FALSE,38,75.97,28.48,38,49.95,25.37,,TRUE,58,58,,,,,20 dropouts/exclusions total.,Three participants were excluded from the main analysis due to technical issues... An additional 17 participants were excluded... yielding 38 final datasets.,unclear,,,,,,,,,,,,,,84,2026,58,38,75.97,28.48,38,49.95,25.37,58,58,,,,,,,,,rmssd (ms),FALSE,FALSE,Positive Hedges' g favors the breathing intervention,1
Jing2026,metadata_only,none,2026,Jing,RCT,China,J Sports Med Phys Fitness,Effects of underwater breath-holding training on athletes' lung capacity,Swimming,swimming,competitive,20,,,,breath holding/apnea,control,parallel,,,,,,,,,,,,FALSE,,,,,,,,,unclear,,,,,,,,,,,,,,85,2026,20,,,,,,,,,,,,,,,,,,,FALSE,Positive Hedges' g favors the breathing intervention,1
Jones2026,efficacy_outcome,additional,2026,Jones,RCT,USA,Med Sci Sports Exerc,Box Breathing vs Cyclic Sighing,Rowing,endurance,healthy active,77,21.0,3.0,71,box breathing,spontaneous breathing,parallel,physiological,HRR3,post-exercise,FALSE,21,119.9,18.9,20,124.0,15.7,,TRUE,42,20,,,,,15 participants excluded due to technical issues.,"Of these, 10 participants were excluded due to technical issues with the connectivity... An additional five participants were removed during data screening... final analyzed sample comprised 62 participants",unclear,,,,,,,,,,,,,,86,2026,77,21,119.9,18.9,20,124,15.7,42,20,,,,,,,,,hrr3,FALSE,FALSE,Positive Hedges' g favors the breathing intervention,1
Jones2026,efficacy_outcome,primary,2026,Jones,RCT,USA,Med Sci Sports Exerc,Box Breathing vs Cyclic Sighing,Rowing,endurance,healthy active,77,21.0,3.0,71,box breathing,spontaneous breathing,parallel,Physiological,Heart Rate Recovery 1 min (bpm),Post-exercise,FALSE,21,129.5,12.6,20,132.6,13.5,,TRUE,42,20,,,,,15 participants excluded due to technical issues.,"Of these, 10 participants were excluded due to technical issues with the connectivity... An additional five participants were removed during data screening... final analyzed sample comprised 62 participants",unclear,,,,,,,,,,,,,,87,2026,77,21,129.5,12.6,20,132.6,13.5,42,20,,,,,,,,,heart rate recovery 1 min (bpm),TRUE,FALSE,Positive Hedges' g favors the breathing intervention,1
Katz2026,efficacy_outcome,primary,2026,Katz,Crossover,USA,Journal of Strength and Conditioning Research,The acute effect of a diaphragmatic breathing warm-up on maximal deadlift performance,Deadlift,resistance/strength,recreational,40,24.8,6.8,80,diaphragmatic breathing,control,crossover,Performance,Deadlift 1RM (kg),Post-test,FALSE,40,163.6,47.1,40,160.7,49.6,,TRUE,40,40,,,,,,,unclear,,,,,,,,,,,,,,88,2026,40,40,163.6,47.1,40,160.7,49.6,40,40,,,,,,,,,deadlift 1rm (kg),FALSE,FALSE,Positive Hedges' g favors the breathing intervention,1
Raidl2026,metadata_only,none,2026,Raidl,RCT,Austria,Int J Sports Physiol Perform,No Evidence for the Efficacy of Slow-Paced Breathing as a Recovery Strategy After Sprint Interval Training,Sprint interval training,running,competitive,20,,,,slow-paced breathing,control,parallel,,,,,,,,,,,,FALSE,,,,,,,,,unclear,,,,,,,,,,,,,,89,2026,20,,,,,,,,,,,,,,,,,,,FALSE,Positive Hedges' g favors the breathing intervention,1
Tomita2026,metadata_only,none,2026,Tomita,Crossover,Japan,,Focused Attention Meditation as a Pre-Exercise Strategy,Speed skating,winter sports,elite,26,,,,controlled breathing,random thinking,crossover,,,,,,,,,,,,FALSE,26,26,0,0,,,All completed without adverse events.,All 26 participants completed the intervention and HIIT protocols without adverse events.,no,0,26,0,,All 26 participants completed the intervention and HIIT protocols without adverse events.,0,26,0,26,,0,0,All 26 participants completed the intervention and HIIT protocols without adverse events.,90,2026,26,,,,,,,26,26,0,0,0,26,0,26,0,26,,,FALSE,Positive Hedges' g favors the breathing intervention,1
